Number,Rk,Fed,Title,Username,Name,Rating,RND1,RND2,RND3,RND4,RND5,RND6,RND7,RND8,RND9,RND10,RND11,Score,Buchholz Cut 1,Buchholz,Sonneborn-Berger,Direct encounter,The greater number of wins including forfeits,Number of wins with Black pieces,AROC 1

1,1,USA,GM,GMWSO,Wesley So,3103,W388W,W113B,W34W,W52B,W371W,D20B,W28W,W29B,W4W,W10W,D5B,10,74.5,78.5,70,0,9,3,2865
2,53,ARG,GM,Genghis_K,Federico Perez Ponsa,2861,W253W,W260B,W117W,W368W,L19B,W25W,W360B,W54W,W51B,D5B,W10W,9.5,67.5,71,58.5,0,9,3,2760
3,49,AZE,GM,GGuseinov,Gadir Guseinov,2805,W174W,W431B,W256W,D262B,W396B,W231W,L10W,W356B,W19B,W28W,W16W,9.5,58,60.5,50.25,0,9,4,2810
4,65,INT,GM,Rakhmanov_Aleksandr,Aleksandr Rakhmanov,2850,W202W,W114B,W432W,W79W,W16B,D28B,W20W,W19W,L1B,W59B,D7W,9,74.5,76.5,58.25,0,8,3,2881
5,10,UKR,GM,GOGIEFF,Anton Korobov,3008,W467B,L36W,W178B,W138W,W112B,W104W,W38B,W14W,W32B,D2W,D1W,9,73,74,56.75,0,8,5,2764
6,21,USA,GM,TigrVShlyape,Gata Kamsky,2970,W169W,W434B,W403W,W104W,W12B,W358W,D19B,L10B,W21W,D8B,W23W,9,69.5,71.5,54.5,0,8,2,2761
7,24,KAZ,IM,Manticore17,Arystanbek Urazayev,2802,W92B,D111W,W98B,W399W,L30B,W398W,W376W,W351B,W345W,W29B,D4B,9,63,66.5,51.5,0,8,4,2741
8,147,ARM,FM,Alex_Sahakyan2006,Alex Sahakyan,2710,W204W,W451B,W350W,L373B,D24W,W395B,W95B,W352W,W31B,D6W,W29W,9,62,64,51,0,8,4,2813
9,306,NOR,FM,AndreGVH,,2592,L351B,W284W,W471B,W46W,W412W,L21B,W22W,W104B,W348B,W51W,W17W,9,62,63,49.5,0,9,3,2742
10,4,IRN,GM,bardiya_Daneshvar,Bardiya Daneshvar,2938,W182B,W62W,D376B,W425B,W54W,W232W,W3B,W6W,W16W,L1B,L2B,8.5,74,76.5,54.75,0,8,3,2848
11,79,IND,IM,avinashramesh4,,2775,W283W,W241B,W166W,D29B,D31B,W78W,W50W,L16B,D61W,W35B,W45W,8.5,68,71,52,0,7,2,2781
12,77,TUR,FM,DonkyDonkyDonkey,Eray Kilic,2775,W187W,W42B,W389W,W395B,L6W,W118W,D350B,L31W,W85B,W61B,W28W,8.5,65.5,69,49.75,0,8,4,2772
13,96,IND,IM,Legendinunknown,Harshavardhan GB,2886,L166B,W158W,W139B,W110W,W105W,D354B,L53B,W89W,W44B,W33W,W30W,8.5,64.5,69.5,54.75,0,8,2,2654
14,84,SRB,FM,JimDiGrease,Ivan Zemlyanskii,2913,W194B,L165W,W173B,W433W,W417B,W103B,W18W,L5B,W50W,D34B,W31W,8.5,63,65,47.25,0,8,4,2735
15,57,RUS,FM,Iball95,Vakhlamov Igor,2770,W200W,L368B,L169W,W283B,W442W,W150B,W380W,D80B,W149W,W70B,W34W,8.5,54,56,42.75,0,8,3,2637
16,9,RUS,GM,Sanan_Sjugirov,Sanan Sjugirov,2939,W337W,W468B,W112W,W32B,L4W,W17B,W33W,W11W,L10B,W26W,L3B,8,73.5,74,47,0,8,3,2812
17,82,BRA,GM,A-Fier,Alex Fier,2771,W143B,W44W,W176B,L28B,W107W,L16W,W111B,W81W,W347B,W20W,L9B,8,70,75,50.5,0,8,4,2699
18,41,INT,GM,Zhigalko_Sergei,Sergei Zhigalko,2901,W171W,W56B,D36B,D140W,W83B,W365W,L14B,D58W,W80B,W88W,D21W,8,68,73,50.5,0,6,3,2706
19,8,USA,GM,Zkid,Steven Zierk,2861,W440B,W469W,W436B,W351W,W2W,W50B,D6W,L4B,L3W,D38B,W51W,8,68,69,42.25,0,7,3,2811
20,23,RUS,GM,TimofeevAr,Artem Timofeev,2866,W519W,W312B,W109W,W378B,W21W,D1W,L4B,D82W,W57B,L17B,W58W,8,67.5,67.5,42.25,0,7,3,2795
21,87,KGZ,FM,Brave_spirit12,Eldiar Orozbaev,2770,W261W,W81B,W427W,W293W,L20B,W9W,D31B,W350W,L6B,W53W,D18B,8,67,69.5,44.75,0,7,1,2768
22,130,SWE,IM,seorobert1971,Jung Min Seo,2828,W430B,W215W,L29W,W71B,W293B,L348W,L9B,W121W,W65B,W103W,W52W,8,63,65.5,43,0,8,4,2670
23,76,INT,IM,Rsnr,Arsene Kukhmazov,2797,W247B,W167W,L105W,W150B,W168W,D375B,D61W,W56B,W103B,W32W,L6B,8,62.5,66.5,45.75,0,7,4,2696
24,36,NOR,IM,Gareth-Bale11,Mamikon Gharibyan,2815,W183B,L262W,W205B,W197W,D8B,L152B,W60W,W118W,W102B,D58B,W67W,8,62.5,66,49,0,7,3,2627
25,103,UKR,FM,Ol_Bilych,Olexiy Bilych,2780,L141W,W179B,W253W,W370W,W116B,L2B,W388W,L347W,W364B,W56B,W50W,8,60,64,43,0,8,4,2617
26,74,UZB,FM,AlmasChampion1,Almas Rakhmatullaev,2914,W153B,L432W,W159W,W260B,L375W,W181B,W107W,W169W,W346B,L16B,W55W,8,56,58,43.5,0,8,4,2633
27,116,ROU,IM,jacky72,Mihnea Costachi,2882,W251B,W265W,L79B,L165W,W184B,W241W,W105W,L349B,W169W,W122W,W59B,8,54.5,58,40.5,0,8,3,2618
28,20,USA,GM,GMLazaroBruzon,Lazaro Bruzon Batista,2953,W175B,W96W,W69B,W17W,W38B,D4W,L1B,W354W,W30W,L3B,L12B,7.5,79,84,51.5,0,7,3,2828
29,18,DEU,GM,VincentKeymer,Vincent Keymer,3001,W384B,W168W,W22B,D11W,W82B,W30W,W346B,L1W,W33B,L7W,L8B,7.5,77,81,48.75,0,7,5,2822
30,69,CHL,GM,K_A_S_T_O_R,Rodrigo Vasquez,2898,W336W,D272B,W160W,W41B,W7W,L29B,W36W,W53W,L28B,W79W,L13B,7.5,70,70.5,45.25,0,7,1,2773
31,35,UKR,IM,sokidze,Ihor Samunenkov,2814,W173W,D405B,W210W,W385B,D11W,W363B,D21W,W12B,L8W,W40B,L14B,7.5,68.5,72,44.5,0,6,4,2709
32,68,RUS,IM,MatthewG-p4p,Matvey Galchenko,2895,W377B,W458W,W165B,L16W,W55B,W73W,W358B,W34W,L5W,L23B,D43W,7.5,68.5,70,41.25,0,7,4,2701
33,45,CHN,NM,Abund,"Yuan, Qingyu",2705,W139W,W443B,D41W,W89B,W356W,W376B,L16B,W35W,L29W,L13B,W91W,7.5,67.5,69.5,41.75,0,7,3,2739
34,106,POL,IM,Szparu,Miłosz Szpar,2685,W177B,W141W,L1B,W226W,W166B,W371B,W79W,L32B,W349W,D14W,L15B,7.5,67,71.5,41.25,0,7,3,2760
35,13,INT,GM,Fandorine,Maksim Chigaev,2947,W101W,D68B,L405W,W220B,W41W,W401B,W40W,L33B,W108B,L11W,W80B,7.5,65,68.5,45.5,0,7,4,2682
36,165,RUS,IM,Flawless_Fighter,Polina Shuvalova,2661,W263B,W5B,D18W,L346W,W406B,W353W,L30B,D362W,W106B,W63W,D47W,7.5,65,68.5,44.75,0,6,4,2776
37,92,UZB,IM,Sattarov_Bobur,Bobur Sattarov,2863,W66B,W322W,W142B,W347W,L50B,L350B,L56W,W114B,W94W,W115W,D42B,7.5,64,65,41.75,0,7,3,2643
38,71,AZE,IM,AhmadzadaA,Ahmad Ahmadzada,2856,W496W,W151B,W442B,W106W,L28W,W140B,L5W,D149W,W41B,D19W,D46B,7.5,64,64,37,0,6,4,2742
39,11,NLD,GM,GMBenjaminBok,Benjamin Bok,2959,W121W,L54B,W167W,D355B,W405B,W374W,L345B,W83W,L88B,W87W,W102B,7.5,60.5,64,41.25,0,7,2,2660
40,110,IND,WGM,vaishali2001,Vaishali R,2694,W282B,W116W,W414W,D53B,L346B,W74W,L35B,W375W,W151B,L31W,W85B,7.5,60.5,63.5,39,0,7,3,2734
41,179,GRC,FM,skoularikii,Giannis Kalogeris,2543,W271B,W462W,D33B,L30W,L35B,W145W,W166W,W376B,L38W,W356B,W82B,7.5,60.5,61.5,35.25,0,7,4,2744
42,235,TJK,FM,JaloliddinIlkhomi,Jaloliddin Ilkhomi,2557,W310B,L12W,W307B,W72B,L363W,L48B,W282W,W93B,W64W,W112B,D37W,7.5,60,62,37.25,0,7,5,2622
43,132,ARM,GM,EREBUNI91,,2790,L214B,W249W,D144B,W157B,W119W,L352W,W237B,D95W,W60B,W57W,D32B,7.5,59,63,43.25,0,6,3,2579
44,266,UKR,FM,Defend1r,Tymur Keleberda,2504,W495W,L17B,L354B,W238W,W309W,W87B,D48W,W374B,L13W,W140W,W88B,7.5,58.5,58.5,32.75,0,7,3,2700
45,137,RUS,GM,Andrei_Belozerov,Andrei Belozerov,2636,D60W,W242B,L236B,W146W,W141B,L53W,W384W,W373B,W353W,W82W,L11B,7.5,58,62,39,0,7,3,2625
46,126,RUS,FM,Witik,Vjacheslav Weetik,2829,W509B,W423W,L395W,L9B,W65W,W370B,L90W,W165B,W367W,W95B,D38W,7.5,58,58,35.25,0,7,4,2589
47,60,RUS,GM,Volodar_Murzin,Volodar Murzin,2876,L105B,W261W,D306B,W459W,W305W,D91B,L55W,W167B,W107B,W109W,D36B,7.5,52.5,54,32.75,0,6,2,2590
48,4,IND,FM,Aradhya2000,Aradhya Garg,2758,U--,U--,W518B,W199W,W139B,W42W,D44B,W117W,L53B,W89B,W79W,7.5,51.5,51.5,40.75,0,7,3,2632
49,466,RUS,GM,shimastream,Aleksandr Shimanov,3026,U--,U--,W240W,W202B,W175W,W417W,W69B,L345W,D140B,W152W,W86B,7.5,44.5,47.5,38.25,0,7,3,2624
50,29,PRY,GM,chito89,Axel Bachmann,2825,W478W,W77B,W73W,W360B,W37W,L19W,L11B,W363W,L14B,W76W,L25B,7,71.5,72.5,39.5,0,7,2,2751
51,94,UZB,FM,Zohid6,Mukhammadzokhid Suyarov,2718,W148B,W71W,L358W,W181B,W172W,W373B,W348B,W70W,L2W,L9B,L19B,7,67,71.5,40,0,7,4,2696
52,59,POL,GM,Byniolus,Zbigniew Pakleza,2779,W125W,W433B,W364B,L1W,W415B,W58W,L54B,L67W,W78B,W69W,L22B,7,67,69,37,0,7,4,2712
53,33,ARM,GM,Sam_ChessMood,Samvel Ter-Sahakyan,2846,W498W,W355B,W398W,D40W,L231B,W45B,W13W,L30B,W48W,L21B,D73W,7,67,67,39.75,0,6,2,2725
54,169,KAZ,IM,SaraBlackPanther,Bibisara Assaubayeva,2741,W490B,W39W,W103W,W410B,L10B,W361W,W52W,L2B,L59W,L55W,W120B,7,66.5,67.5,35.5,0,7,3,2829
55,171,EUR,FM,tuschessCM1,Svyatoslav Bazakutsa,2794,W189B,L409W,W265B,W147B,L32W,W125W,W47B,L57W,W123W,W54B,L26B,7,63,66,40.5,0,7,5,2680
56,198,POL,FM,djano,Dawid Janaszak,2538,W219W,L18W,W216B,L350B,W419W,W221B,W37B,L23W,W363B,L25W,W123W,7,61.5,64.5,35,0,7,4,2674
57,70,POL,IM,Kosak12,Jakub Kosakowski,2804,W144B,L110W,W170B,L379W,W297B,W160W,W91W,W55B,L20W,L43B,W115W,7,61,64,38.5,0,7,4,2616
58,101,ESP,IM,ulises2013,Marcos Lianes,2772,W179W,L166B,W366W,W435B,W142W,L52B,W383W,D18B,W352B,D24W,L20B,7,61,63,35,0,6,2,2658
59,30,HUN,GM,MrTattaglia,Adam Kozak,2974,L165B,L143W,W203B,W382W,W92B,W122B,W381W,W360W,W54B,L4W,L27W,7,60.5,64.5,37,0,7,4,2626
60,378,ESP,CM,AjedrezInteligente,,2466,D45B,W374B,D400W,L415B,W364W,W115W,L24B,W120B,L43W,W132B,W113W,7,60,63,39,0,6,3,2650
61,12,PER,GM,Sychev_on_YouTube,Klementy Sychev,2846,D455B,W392W,W111B,W424W,L232B,W399W,D23B,W63W,D11B,L12W,D75B,7,59.5,61,35.5,0,5,1,2722
62,159,COL,IM,pifion,sebas sanchez,2646,W228B,L10B,L66W,L367B,W460W,W157B,W180W,W171B,L95B,W172W,W106W,7,58,59.5,32.5,0,7,3,2583
63,75,UKR,GM,DmitryMaximov,Dmitry Maximov,2732,L322W,W124B,L172W,W213B,W407W,W110B,W94W,L61B,W127W,L36B,W122B,7,58,59,38.5,0,7,4,2579
64,104,INT,GM,Aygehovit1992,Nikita Matinian,2747,D146B,L157W,W198B,W156W,L74B,W392W,D355W,W246B,L42B,W121W,W114W,7,57.5,61.5,36,0,6,2,2521
65,278,KAZ,CM,Eagle_2019,Mamedov Edgar,2597,L346B,L208W,W484B,W274W,L46B,W264W,W168W,W68B,L22W,W107B,W112W,7,57,58,32,0,7,3,2557
66,332,ESP,CM,Felixto2010,,2581,L37W,W511B,W62B,L80W,L94W,W220B,L364B,W282W,W167W,W128B,W118B,7,57,57,31.5,0,7,5,2608
67,121,UKR,FM,GalaxyRoman,Roman Dehtiarov,2737,L119W,W282B,W470W,W389B,L359W,W178B,W366W,W52B,L70B,W81W,L24B,7,56.5,57.5,31.5,0,7,4,2648
68,166,IND,CM,LeRoidesChampions,,2603,W248W,D35W,L397B,D369W,D143B,W174B,D119W,L65W,W196B,W183B,W103W,7,56,59.5,37,0,5,3,2599
69,131,RUS,GM,Chernobay_Artem,Artem Chernobay,2633,W203W,W474B,L28W,D145W,D241B,W165B,L49W,W388B,W366W,L52B,W125B,7,56,57,30.25,0,6,4,2607
70,3,DEU,GM,GM_dmitrij,Dmitrij Kollars,2907,W419W,U--,W246B,D91W,W218B,W108B,W231W,L51B,W67W,L15W,D76B,7,55,58,35.75,0,6,3,2686
71,320,INT,NM,Doomfist26,,2556,W497B,L51B,W206W,L22W,L97B,W451B,L122W,W391W,W181B,W111B,W109W,7,55,55,27.5,0,7,4,2612
72,111,CHN,GM,daika91,Zhongyi Tan,2717,W188W,W229B,L396B,L42W,W171B,L167W,W172B,W370W,L81B,W165W,W105W,7,54.5,58,35.5,0,7,3,2564
73,140,ARG,GM,Rodalquilar,Leonardo Tristan,2779,W518B,W472W,L50B,W129W,W410W,L32B,L347B,W175W,D90B,W151W,D53B,7,54.5,54.5,27.25,0,6,1,2657
74,218,POL,FM,mac0504,Maciej Czopor,2645,D217W,L397B,W273B,W460W,W64W,L40B,L75W,D166B,W209B,W369W,W108B,7,53.5,55,32.25,0,6,3,2562
75,114,GRC,FM,AlexPapasimakopoulos,Alexandros Papasimakopoulos,2725,L324B,W207W,L145B,D261W,W153B,W266W,W74B,L151W,W150W,W355B,D61W,7,53,54,36.75,0,6,3,2540
76,119,IND,IM,Ajay_Karthikeyan,,2681,W249W,W235B,L106W,W383B,D395W,W397W,W372B,D346W,D82B,L50B,D70W,7,52.5,56,31.5,0,5,3,2804
77,186,PER,WGM,dey2580,Deysi Cori,2566,W510W,L50W,L418B,W282W,L90B,W369W,L382B,W188W,W137B,W126W,W104B,7,51.5,51.5,31,0,7,2,2496
78,167,COL,IM,likantrophuss,Henry Jhonhader Panesso Rivera,2544,W486B,L106B,W324W,W418W,W413B,L11B,L349W,W383B,L52W,W175B,W119W,7,49.5,50.5,23,0,7,4,2632
79,7,SRB,GM,Beca95,Aleksandar Indjic,2969,W178W,W416B,W27W,L4B,D108W,W404W,L34B,W90B,W356W,L30B,L48B,6.5,66,69,34.5,0,6,2,2713
80,127,ARG,FM,lamomiajunior,fiorito joaquin,2716,W369W,L446B,W202W,W66B,L347B,W121W,W133B,D15W,L18W,W138B,L35W,6.5,64,66,38.25,0,6,3,2628
81,317,ITA,NM,faraone99,,2565,W84W,L21W,L412B,W323W,W136B,W385W,W112B,L17B,W72W,L67B,D93W,6.5,62,63,33.75,0,6,2,2708
82,64,ISR,GM,Evgeny81,Evgeny Postny,2750,W470B,W473W,W110B,D396W,L29W,W89B,W152W,D20B,D76W,L45B,L41W,6.5,60,61,29.25,0,5,3,2723
83,143,INT,IM,bazar-wokzal,Nikolai Vlassov,2576,W211W,W391B,L347B,W193W,L18W,W120B,D373W,L39B,W164W,L85W,W151B,6.5,59,63,32.75,0,6,3,2649
84,78,UKR,FM,PeshkaCh,Tykhon Cherniaiev,2712,L81B,D148W,W130B,L85W,L144B,W223W,D142B,W170B,W146W,D100B,W150W,6.5,58,62.5,35.25,0,5,2,2490
85,226,IND,IM,MokshAD1603,Moksh Doshi,2576,W528W,L351W,D460B,W84B,W86W,W414W,L103B,W357W,L12W,W83B,L40W,6.5,57,57,28.75,0,6,2,2720
86,105,HUN,IM,CSB7,Balázs Csonka,2729,L116W,W177B,W180W,D241B,L85B,W205W,L138B,W407W,W117B,W97W,L49W,6.5,56.5,60,32.5,0,6,2,2578
87,141,UZB,FM,Liljon_chess,Улугбек Тилляев,2653,W285W,L142B,W187W,W126B,L361W,L44W,D407B,W139B,W154W,L39B,W156W,6.5,56.5,59.5,32.25,0,6,2,2541
88,98,VNM,CM,Carnivoras,,2825,D130B,W429W,L237B,W306W,W98B,W402W,L352B,W138W,W39W,L18B,L44W,6.5,56.5,59,31,0,6,1,2621
89,160,RUS,GM,Iskusnyh,Sergei Iskusnyh,2649,D418W,W456B,W406W,L33W,W270B,L82W,W146W,L13B,W186B,L48W,W139B,6.5,56,57.5,26,0,6,4,2543
90,353,ESP,IM,FLYD,Lazaro Lorenzo De La Riva,2409,W517W,W464W,L104B,L398B,W77W,W168B,W46B,L79W,D73W,L123B,W138W,6.5,55,55,29.5,0,6,2,2707
91,166,RUS,FM,pavelmartynov,Pavel Martynov,2686,U--,W203B,W204W,D70B,W426W,D47W,L57B,D154W,W144B,W357W,L33B,6.5,54.5,57,32.5,0,5,2,2698
92,262,BGR,FM,tteshan,Nadya Toncheva,2451,L7W,W289B,L353B,W245W,L59W,L203B,W234W,W207B,D206W,W153B,W149W,6.5,54,57,28.75,0,6,3,2565
93,95,USA,FM,ChessicallyInclined,Jason Morefield,2742,W158W,L435B,L383W,W194B,W154B,W246W,L169B,L42W,W134B,W370W,D81B,6.5,54,56,34.25,0,6,3,2514
94,182,TUR,CM,psychokiller48,,2546,W477W,L293W,L221B,W265W,W66B,W126W,L63B,W386W,L37B,W166W,D95W,6.5,54,55,29.75,0,6,1,2569
95,63,SWE,IM,Topblitz,Jhon Snow,2827,W145W,W463B,U--,W443W,W416B,D357B,L8W,D43B,W62W,L46W,D94B,6.5,53.5,54.5,28.25,0,5,2,2629
96,175,FRA,IM,MIJulienSong,Julien Song,2617,W147B,L28B,L235W,W177B,D428W,L237W,W213B,W141W,W376W,L106B,W145B,6.5,52,54.5,31.75,0,6,4,2555
97,173,BRA,FM,Nf3c5,Iung Alicio de O. Pinheiro,2620,W484B,W326W,L373W,L107B,W71W,D166B,L108W,W174W,W377B,L86B,W148W,6.5,51,52,26.5,0,6,2,2604
98,193,GBR,IM,mjray79,Shreyas Royal,2552,D192B,W335W,L7W,W456B,L88W,L146B,L148W,W280B,W213B,W377W,W142B,6.5,51,51.5,22.5,0,6,4,2466
99,123,UKR,IM,viktorskliarov,Viktor Skliarov,2673,D135W,L146B,W242W,L402B,W429W,L384B,L141W,W204B,W163W,W144B,W164W,6.5,49.5,52,30.5,0,6,2,2451
100,82,BRA,NM,catzapto,Glaucio Cella,2503,U--,L204B,W250W,L214W,W211B,D427W,W158B,W148W,D118B,D84W,W140B,6.5,46.5,49,32.5,0,5,3,2481
101,250,USA,GM,Zq1,Dmitry Gurevich,2415,L35B,L243W,L234B,W239W,L447B,W490W,D147B,W223W,W242B,W157B,W152W,6.5,46.5,47.5,27.25,0,6,2,2434
102,481,ROU,WGM,IriBu,,2678,U--,U--,W285W,D457B,W148W,W170W,W186B,W144W,L24W,W149B,L39W,6.5,45,46.5,30.25,0,6,2,2589
103,26,UZB,IM,PLAYER_2006_M,Mukhiddin Madaminov,2955,W162B,W107W,L54B,W115W,W300B,L14W,W85W,W365B,L23W,L22B,L68B,6,67.5,70.5,32,0,6,3,2685
104,90,IND,GM,superchess02,Iniyan P,2805,W500B,W422W,W90W,L6B,W128W,L5B,W256B,L9W,L115B,W110W,L77W,6,65.5,65.5,25.5,0,6,2,2623
105,299,UGA,CM,jaskol95,Tomasz Jaskolka,2516,W47W,W363W,W23B,L371W,L13B,W415W,L27B,W385B,L112W,W131W,L72B,6,64.5,67.5,33.5,0,6,2,2724
106,14,ESP,GM,jcibarra,José Carlos Ibarra Jerez,2944,W205B,W78W,W76B,L38B,L357W,L368W,W182B,W255B,L36W,W96W,L62B,6,62.5,66.5,34,0,6,4,2641
107,180,RUS,IM,Korchmar_Vasiliy,Vasiliy Korchmar,2712,W239W,L103B,W423B,W97W,L17B,W188W,L26B,W200B,L47W,L65W,W186B,6,62,65,28.5,0,6,3,2607
108,107,PER,IM,GianmarcoVaR,Gianmarco Leiva,2718,W207W,L176B,W143W,W169B,D79B,L70W,W97B,W368B,L35W,D113B,L74W,6,61,65.5,32.75,0,5,3,2668
109,136,LKA,FM,Ranindu2003,Ranindu Dilshan Liyanage,2704,W126B,W297W,L20B,W176W,L350W,L169B,W173W,W134B,W119W,L47B,L71B,6,61,64,31,0,6,2,2594
110,230,UKR,GM,Mikhail_Golubev,Mikhail Golubev,2564,W240B,W57B,L82W,L13B,W418W,L63W,L124B,W177W,W155B,L104B,W173W,6,60.5,63.5,29.5,0,6,3,2592
111,178,NOR,FM,Martial2008,Aksel Bu Kvaloy,2659,W245W,D7B,L61W,D449W,W209B,W116W,L17W,L366B,W173B,L71W,W184B,6,60.5,62.5,30,0,5,3,2580
112,118,ARG,FM,FaustinoOro,Faustino Oro,2752,W311B,W119W,L16B,W444W,L5W,W226B,L81W,W241W,W105B,L42W,L65B,6,60.5,62.5,24.5,0,6,3,2605
113,156,GRC,IM,GeorgiosSouleidis,Georgios Souleidis,2544,W234W,L1W,L209B,W124B,L366W,W129B,D139W,W145B,W210B,D108W,L60B,6,60,64,31.75,0,5,4,2559
114,223,RUS,IM,Let_it_be_1,Aleksei Belov,2600,W191B,L4W,W323W,L412B,W147W,L362W,W188B,L37W,W124B,W135W,L64B,6,59,60,28.5,0,6,3,2557
115,195,IND,FM,carlsen1001,carlsen 1001,2611,W208B,L352W,W486W,L103B,W367W,L60B,W408B,W124W,W104W,L37B,L57B,6,58,59,26,0,6,2,2602
116,346,THA,CM,DmitriiZakurdaev,,2419,W86B,L40B,W468W,W136B,L25W,L111B,L255W,L132B,W269W,W197W,W181B,6,57.5,58.5,27,0,6,3,2621
117,213,IDN,IM,ikhasu,Irene Sukandar,2415,W212B,W328W,L2B,D353W,L394B,W158B,W404W,L48B,L86W,W143W,D130B,6,57.5,58.5,25.75,0,5,2,2657
118,151,ARM,FM,SaqoChess_Twitch,Sargis Manukyan,2652,W421W,W220B,L352B,W235W,W411W,L12B,D371W,L24B,D100W,W178B,L66W,6,56.5,59.5,25,0,5,2,2634
119,362,POL,CM,ketrabluwos,Bartosz Sowul,2609,W67B,L112B,W480W,D400B,L43B,W431W,D68B,W197W,L109B,W185W,L78B,6,56.5,57.5,25.75,0,5,1,2634
120,184,RUS,IM,karinachess1,Karina Ambartsumova,2561,L142W,W525B,L147W,W207B,W369B,L83W,W225B,L60W,W184B,W129W,L54W,6,56.5,56.5,25,0,6,5,2464
121,248,AUT,FM,laurenzchess,Laurenz Borrmann,2492,L39B,W238W,L372W,W452B,W230W,L80B,W203W,L22B,W236W,L64B,W188W,6,55.5,57.5,24,0,6,1,2574
122,197,SRB,WFM,Varvara_Poliakova,Варвара Полякова,2631,W286B,L410B,L264W,W481B,W235B,L59W,W71B,W135W,W365W,L27B,L63W,6,53.5,54.5,26,0,6,4,2581
123,44,IND,FM,Chessmissile07,,2841,W383B,L305W,L370B,W187W,W444B,W190W,L149B,W181W,L55B,W90W,L56B,6,52.5,54.5,27.5,0,6,2,2557
124,331,GBR,FM,GrumbleBruno,,2475,L360B,L63W,W454B,L113W,W216B,W309W,W110W,L115B,L114W,W190B,W189W,6,52.5,54.5,24.5,0,6,3,2525
125,298,HUN,IM,AttilaTurzo,Attila Turzo,2522,L52B,L270W,W477B,W308W,W312W,L55B,W185B,D355W,D131B,W127B,L69W,6,51,52,21.75,0,5,3,2561
126,377,RUS,FM,Muifel,Иван Бабиков,2414,L109W,W522B,W312W,L87W,W132B,L94B,L246W,W260W,W241B,L77B,W165W,6,50.5,50.5,20.5,0,6,3,2574
127,163,RUS,IM,Ural_bogatyr,Vladimir Demin,2543,L215B,L281W,W211B,L186W,W423B,W193W,W184B,W209W,L63B,L125W,W180B,6,50,53,27,0,6,4,2456
128,194,ESP,IM,Ajedrecista3000,Juan Plazuelo,2578,L451W,W211B,W472W,W349W,L104B,W218W,L363B,L367B,W171W,L66W,W200B,6,50,51,26,0,6,2,2508
129,341,POL,FM,kreonx,Pawel‚ Dudzinski,2476,W499W,L376W,W380B,L73B,L185W,L113W,W313B,W190W,W246B,L120B,W167W,6,48.5,48.5,20,0,6,3,2611
130,339,CZE,FM,mortngabriel,Martin Horak,2526,D88W,L424B,L84W,L263B,L228W,W308B,W224B,W248W,W205B,W154B,D117W,6,48,50,26.75,0,5,4,2486
131,146,KAZ,IM,krasavetc,Kirill Kuderinov,2598,L446B,D369W,W430W,W223B,L397B,W143W,L144W,W237B,D125W,L105B,W171W,6,47.5,49.5,27,0,5,2,2496
132,196,POL,CM,Actuary44,Michał Kopczyński,2466,W244W,L346W,L267B,W311W,L126W,L282B,W449B,W116W,W389B,L60W,W174B,6,46.5,48.5,23,0,6,3,2442
133,393,SRB,CM,Aleksandar-Topalov,Aleksandar Topalov,2374,L385W,W419B,W331B,L387W,W443B,W185W,L80W,D150B,L138B,D186W,W170W,6,45.5,46.5,21.25,0,5,3,2571
134,239,UKR,FM,viktorgen2021,,2507,L414W,W421B,L309W,W234B,W191B,L381W,W218B,L109W,L93W,W236B,W177W,6,45,47,25.5,0,6,5,2504
135,364,ITA,CM,Kostya0705,,2514,D99B,U--,L374W,D240B,W291B,W316W,W178W,L122B,W388W,L114B,W175W,6,44,46,24.25,0,5,1,2511
136,138,AZE,IM,GarayevKanan,Kanan Garayev,2657,W525B,W314W,L293B,L116W,L81W,L367B,W452W,W406B,L172B,W147W,W183B,6,43.5,43.5,18,0,6,3,2464
137,445,USA,NM,newyorkmouse,Avi Kaplan,2490,U--,U--,U--,U--,W461W,W393W,W267B,W250W,L77W,W234B,W168B,6,27.5,29,22,0,6,3,2401
138,189,IND,CM,djokovic74,,2724,W287B,L350B,W215W,L5B,D186W,W141B,W86W,L88B,W133W,L80W,L90B,5.5,61.5,64.5,28,0,5,2,2601
139,284,POL,FM,Kopytkin,Rafał Tymrakiewicz,2386,L33B,W526W,L13W,W244B,L48W,W238B,D113B,L87W,W203B,W158B,L89W,5.5,60.5,60.5,21,0,5,4,2559
140,150,USA,IM,Coachpoker,,2781,W161B,D406W,W449B,D18B,W298W,L38W,W361B,L348W,D49W,L44B,L100W,5.5,60,62,25,0,4,3,2681
141,344,KAZ,FM,CFN_Good_Evening,,2329,W25B,L34B,W469W,D403B,L45W,L138W,W99B,L96B,W212W,L164B,W223W,5.5,59.5,60.5,26.25,0,5,2,2620
142,424,ESP,CM,Nepo,Nepo,2245,W120B,W87W,L37W,W434B,L58B,L379W,D84W,L156B,W237W,W230B,L98W,5.5,58,60,26.25,0,5,3,2614
143,321,RUS,FM,Kapitan_Bayan,,2164,L17W,W59B,L108B,W321W,D68W,L131B,L230W,W211B,W208W,L117B,W203W,5.5,58,59.5,25.5,0,5,2,2556
144,309,POL,FM,WPWPWP-2015,Wojciech Przybylski,2546,L57W,W528B,D43W,L401B,W84W,W405W,W131B,L102B,L91W,L99W,W207B,5.5,58,58,24.25,0,5,3,2638
145,302,ARM,NM,Manukyan_Artak,Artak Manukyan,2441,L95B,W275W,W75W,D69B,L374W,L41B,W268W,L113W,W238B,W206B,L96W,5.5,57,60.5,26,0,5,2,2589
146,345,DEU,FM,ilushka,Ilya Gutkin,2362,D64W,W99W,L424B,L45B,W458W,W98W,L89B,W266W,L84B,L156B,W206W,5.5,56.5,58,26,0,5,0,2629
147,415,POL,WFM,checkmatequen,Michalina Rudzińska,2336,L96W,W519B,W120B,L55W,L114B,L154W,D101W,W429B,W162W,L136B,W202B,5.5,56,56,21.75,0,5,4,2542
148,335,POL,CM,cthulhuuu,,2367,L51W,D84B,L426W,W273B,L102B,W224W,W98B,L100B,W262W,W210W,L97B,5.5,55.5,58,25.75,0,5,2,2611
149,158,GRC,IM,kosmeg,Konstantinos Megalios,2565,W273W,L414B,W283W,W427B,L354B,W172W,W123W,D38B,L15B,L102W,L92B,5.5,55,57.5,23.75,0,5,1,2680
150,216,DEU,FM,Giorno,Jens Hirneise,2473,W321W,L411B,W244W,L23W,W446B,L15W,W253B,D133W,L75B,W202W,L84B,5.5,53.5,55,19,0,5,2,2568
151,231,IND,CM,gau248,Gaurang Bagwe,2502,W307W,L38W,W488B,D394W,L399B,W217W,W403B,W75B,L40W,L73B,L83W,5.5,52.5,53.5,19.75,0,5,3,2595
152,3,AND,GM,GasconJR,Jose Rafael Gascon,2571,U--,W195B,W457B,W446W,D351B,W24W,L82B,L353B,W156W,L49B,L101B,5.5,52,53.5,24.75,0,5,2,2660
153,313,INT,FM,Bilan_Danila,Danila Bilan,2570,L26W,D240B,W304W,L374B,L75W,W263B,W217B,W272W,L355B,L92W,W216B,5.5,51.5,54,20.5,0,5,3,2469
154,282,SPM,FM,TangerineandLemon25,,2539,L479B,W527W,L365B,W192B,L93W,W147B,W206W,D91B,L87B,L130W,W229W,5.5,51,51,22.75,0,5,2,2555
155,329,USA,NM,The_filthy,,2210,L363B,L348W,W527B,L206B,W219W,W233B,L181W,W168B,L110W,D160B,W217B,5.5,50.5,50.5,21.25,0,5,4,2499
156,270,FRA,FM,Samatsa,Samuel Malka,2526,D426W,L345B,W335W,L64B,W189W,L403W,W430B,W142W,L152B,W146W,L87B,5.5,50,50.5,20.25,0,5,1,2568
157,343,DOM,CM,jcmesafischer,Juan Carlos Mesa,2334,D424W,W64B,L399B,L43W,D315B,L62W,W239W,D279B,W272B,L101W,W205W,5.5,49.5,51.5,23,0,4,2,2600
158,336,ROU,FM,tusplingher,,2414,L93B,L13B,D302W,W335B,W459B,L117W,L100W,W264B,W226B,L139W,W210B,5.5,49.5,50,15.75,0,5,5,2507
159,277,ARG,FM,Alphafischer2019,Francisco Fiorito,2566,W372W,L378W,L26B,W216W,L349B,L421W,L238B,W239W,W195B,D207B,W214W,5.5,49,52,24.75,0,5,1,2534
160,232,TUR,FM,ozates,Tuna Özateş,2557,W487B,D231W,L30B,D441W,W421B,L57B,W199W,L361W,L166B,D155W,W213B,5.5,49,50,19.5,0,4,3,2616
161,391,BSQ,FM,FredddieCroderg,Alain Prieto,2330,L140W,W388B,U--,D205W,D210W,W196B,L165W,L183W,D225B,W260B,W222W,5.5,42.5,46,23.75,0,4,3,2511
162,264,ROU,IM,korbul,Florescu Codrut Constantin,2643,L103W,L264B,D263W,L430B,W308B,D269W,W243B,D203W,L147B,W211W,W230W,5.5,42,44,20.75,0,4,2,2390
163,295,USA,FM,MusicCityMaster,Todd Andrews,2345,L411W,L216B,W271W,L284B,L448B,D288W,W309B,W215W,L99B,W267W,W212B,5.5,38,40,19.5,0,5,2,2356
164,469,CPV,IM,marianokar,Mariano Ortega Amarelle,2529,U--,U--,U--,W289B,W285W,W235W,D176B,W230W,L83B,W141W,L99B,5.5,35,38,22.5,0,5,1,2463
165,268,UKR,FM,ljuks68,Sergei Ljukin,2458,W59W,W14B,L32W,W27B,L365B,L69W,W161B,L46W,W390W,L72B,L126B,5,69,73,33,0,5,3,2676
166,337,RUS,FM,JoliyRoger,Aleksandr Devaev,2445,W13W,W58W,L11B,W381B,L34W,D97W,L41B,D74W,W160W,L94B,U--,5,64.5,68.5,31.75,0,4,1,2682
167,260,POL,CM,Kumi29,Aleksander Kumala,2560,W359W,L23B,L39B,W195W,W264B,W72B,L365W,L47W,L66B,W194W,L129B,5,63,66.5,25.5,0,5,2,2650
168,174,RUS,FM,GlavkonVVS,SHAPIRO VIKTOR,2504,W393W,L29B,W281B,W267W,L23B,L90W,L65B,L155W,W220B,W201B,L137W,5,57.5,61,20.5,0,5,3,2501
169,259,UKR,IM,zajka-molotok,Yuliia Osmak,2509,L6B,W484W,W15B,L108W,W212B,W109W,W93W,L26B,L27B,U--,U--,5,56.5,57.5,26.5,0,5,2,2702
170,269,RUS,CM,Shuvalov,Evgenij Shuvalov,2466,L347B,W510W,L57W,D224B,W208W,L102B,W204B,L84W,D198B,W193W,L133B,5,55.5,55.5,18.75,0,4,1,2504
171,280,UZB,WCM,FARIZA2018,AFRUZA Khamdamova,2503,L18B,L286W,W393B,W219W,L72W,W243B,W420B,L62W,L128B,W198W,L131B,5,54.5,57.5,20.5,0,5,3,2518
172,272,CHE,CM,McCarthyStone,,2456,L350W,W227B,W63B,W436W,L51B,L149B,L72W,W229B,W136W,L62B,U--,5,54,56,24,0,5,3,2671
173,273,ARM,IM,Druid24,Vahe Danielyan,2672,L31B,W287W,L14W,L391B,W254B,W449W,L109B,W235B,L111W,W179W,L110B,5,54,56,18,0,5,2,2516
174,288,BIH,FM,Goran_Vajic,Goran Vajic,2598,L3B,W299W,L394B,D277W,W302B,L68W,W208W,L97B,W227W,D368B,L132W,5,53,55.5,18.75,0,4,1,2498
175,258,BGR,CM,koncheto,Ivan Kochiev,2548,L28W,W393B,L298W,W486B,L49B,W278W,W421B,L73B,W218W,L78W,L135B,5,53,54,16,0,5,3,2570
176,340,HUN,FM,GMForgacs,Attila Jr. Forgacs,2529,W394B,W108W,L17W,L109B,L256W,W191B,D164W,D392B,L370B,L181W,W234B,5,52.5,56,23.25,0,4,3,2596
177,347,INT,FM,emeli_chess,,2374,L34W,L86W,W275B,L96W,W489B,L197B,W451W,L110B,W219B,W196W,L134B,5,52.5,53.5,16,0,5,3,2489
178,244,SVN,FM,Jaka_Brilej,Jaka Brilej,2535,L79B,W234W,L5W,W485B,W391W,L67W,L135B,W179B,W221W,L118W,U--,5,52,53,18.5,0,5,2,2567
179,342,BRA,FM,vidavi,Davi Sulzbacher,2427,L58B,L25W,L212B,L290W,W292B,W216W,W192B,L178W,W191W,L173B,W252W,5,51,54,21.5,0,5,2,2401
180,291,GTM,IM,Iljin_Timofey,tim ilyin,2410,L371W,W302B,L86B,W252W,W206W,L380B,L62B,W195W,L185B,W221W,L127W,5,51,53.5,20.5,0,5,1,2549
181,224,UKR,IM,ural58,Alexander Reprintsev,2452,W284W,U--,W274B,L51W,W449B,L26W,W155B,L123B,L71W,W176B,L116W,5,51,53,19,0,5,4,2518
182,241,FIN,NM,noblerone,Mauri Lehtosaari,2508,L10W,D269B,D192W,L421B,W250W,W195B,L106W,L369B,D229W,W278B,D187W,5,50,53,21.5,0,3,2,2483
183,275,GBR,FM,WelshTiger,GRZEGORZ TOCZEK,2425,L24W,L288B,W490W,D208B,W277B,D420W,L387W,W161B,W197B,L68W,L136W,5,49.5,50.5,18.75,0,4,3,2501
184,281,HRV,FM,NLLO777,,2469,L373W,L219B,W289W,W286B,L27W,W267B,L127W,W421B,L120W,W218B,L111W,5,49,52,17,0,5,4,2481
185,188,UKR,CM,DanylaBagrov,Vlad Lymar,2540,W268W,L347W,L218B,W390W,W129B,L133B,L125W,W194B,W180W,L119B,U--,5,48.5,52,23.5,0,5,2,2469
186,338,KAZ,WIM,Xeniya2005,Xeniya Balabayeva,2496,L425B,L394W,W494W,W127B,D138B,W305W,L102W,W262B,L89W,D133B,L107W,5,48.5,49,18.25,0,4,2,2609
187,316,UZB,FM,M_Bozorov,Makhsum Bozorov,2506,L12B,W487W,L87B,L123B,L451W,L227B,D216W,W302W,W264B,W208W,D182B,5,47.5,48.5,16.25,0,4,1,2431
188,352,SRB,FM,DvaHrasta,Stanoje Jovic,2513,L72B,W512B,L375W,W480B,W445W,L107B,L114W,L77B,W391W,W392W,L121B,5,47.5,47.5,11,0,5,2,2590
189,411,USA,NM,eltrain1971,,2298,L55W,L266B,W222B,D384W,L156B,D261W,L202B,W307B,W247W,W209W,L124B,5,47,49,18.75,0,4,2,2473
190,201,ARM,IM,Ordekalog,Ashot Nadanian,2505,L391B,W485W,W451B,L354W,W214B,L123B,L200W,L129B,W235W,L124W,W242B,5,47,48,15.5,0,5,3,2475
191,463,CHE,FM,sterpfi,Jonas Wyss,2173,L114W,L382W,W251B,W386B,L134W,L176W,L195B,W243W,L179B,W269B,W266W,5,46.5,50,19,0,5,3,2431
192,433,HRV,CM,HrvojeZagreb,HRVOJE FAJDETIĆ,2363,D98W,L359B,D182B,L154W,W283W,L209B,L179W,L247B,W307W,W249B,W236W,5,46.5,48.5,18.75,0,4,1,2480
193,349,INT,CM,Mr_Lion22,Alikhon Avazkhonov,2453,W404W,W357W,L378B,L83B,L284W,L127B,L391B,W290W,W244W,L170B,W239W,5,45.5,48.5,20,0,5,0,2498
194,323,ARG,NM,infinitegiantkiller,,2524,L14W,W310B,L415W,L93W,L290B,W489W,W245B,L185W,W228B,L167B,W243W,5,45.5,46.5,15.5,0,5,3,2459
195,366,IND,WIM,MdChess1734,Mrudul Dehankar,2447,L300B,L152W,W310W,L167B,W325B,L182W,W191W,L180B,L159W,W244B,W237W,5,44,45,16,0,5,2,2409
196,265,CAN,NM,matenitian,Sherzod Khodjimatov,2634,L293B,W271W,L413W,L313B,W234W,L161W,W254B,W214W,L68W,L177B,W251W,5,43.5,45.5,20,0,5,1,2473
197,2,FIN,IM,Karttunen,Mika Karttunen,2686,U--,W285B,W314W,L24B,U--,W177W,W389W,L119B,L183W,L116B,W215W,5,41.5,43.5,18.5,0,5,1,2464
198,358,INT,FM,Kotofeyca,Konstantin Begunov,2475,L436B,D420B,L64W,L302B,W248W,L208B,W288W,W277B,D170W,L171B,W240W,5,41.5,43.5,18.5,0,4,1,2417
199,325,DEU,FM,Eloist,Frank Buchenau,2435,U--,W308B,L416W,L48B,W286W,W212W,L160B,L206B,L234W,W245B,W254W,5,40,42,17.5,0,5,2,2431
200,296,ESP,FM,Pingah9,,2609,L15B,L488W,W239B,W487B,U--,W391W,W190B,L107W,U--,W254B,L128W,5,38.5,39.5,18,0,5,4,2450
201,285,FIN,FM,ErikRonka,Erik Rönkä,2486,L361W,L274B,L245B,L477W,L239B,W292W,W252W,W451B,W250B,L168W,W238B,5,38.5,39.5,17,0,5,3,2365
202,304,MMR,FM,SaiHanThiha,Mr. Sai Han Thiha,2474,L4B,W303W,L80B,L49W,L243W,W289B,W189W,D227W,W270B,L150B,L147W,4.5,54,56.5,16.25,0,4,2,2481
203,372,ESP,FM,LuisFSiles,Luis Fernández Siles,2280,L69B,L91W,L59W,W526B,W487W,W92W,L121B,D162B,L139W,W262B,L143B,4.5,54,54,13.75,0,4,2,2543
204,388,PAK,CM,SHIVACalypso,,2401,L8B,W100W,L91B,W482B,L255W,D210B,L170W,L99W,D268B,D219W,W277B,4.5,53.5,54.5,17.25,0,3,2,2511
205,251,UKR,FM,Cambek64,Seletsky Grigory,2476,L106W,W263B,L24W,D161B,W223W,L86B,L281W,W285B,L130W,W280W,L157B,4.5,52.5,55.5,17.25,0,4,2,2507
206,145,LCA,FM,DumbKing75,Kashish Jain,2605,L423W,W311B,L71B,W155W,L180B,W406W,L154B,W199W,D92B,L145W,L146B,4.5,52,54,19.25,0,4,1,2440
207,348,INT,FM,Langua_Chess,,2548,L108B,L75B,W291W,L120W,W252B,L260W,W244B,L92W,W284B,D159W,L144W,4.5,51,54,16.75,0,4,3,2458
208,435,PSE,CM,maHmoUd-S-haddAd-M,,2233,L115W,W65B,L260W,D183W,L170B,W198W,L174B,W430W,L143B,L187B,W265W,4.5,50.5,53,20.5,0,4,1,2466
209,312,ESP,FM,levallem,Luis E. Valle,2316,L231B,W461W,W113W,L300B,L111W,W192W,W301B,L127B,L74W,L189B,D218W,4.5,50,51.5,17.75,0,4,1,2532
210,199,RUS,IM,Sharafiev_Azat,Azat Sharafiev,2464,D335B,W217W,L31B,L268W,D161B,D204W,W249B,W281B,L113W,L148B,L158W,4.5,50,50.5,17.25,0,3,2,2426
211,384,USA,NM,RamonManon0g,Ramon Manon-og,2327,L83B,L128W,L127W,W294B,L100W,D276W,W303B,L143W,W277W,L162B,W270B,4.5,49.5,52,14.25,0,4,3,2409
212,453,UKR,WCM,ritanovikova,Margarita Novikova,2186,L117W,L366B,W179W,W253B,L169W,L199B,W278B,D220W,L141B,W283W,L163W,4.5,49,52,17.75,0,4,2,2446
213,324,RUS,WIM,ViktoriyaTarasova,Tarasova Viktoriya,2380,L378B,L372B,W287W,L63W,W288B,D230B,L96W,W263B,L98W,W273B,L160W,4.5,48.5,51.5,15.25,0,4,3,2530
214,373,USA,NM,esrosenberg,Evan S. Rosenberg,2397,W43W,L356B,L434W,W100B,L190W,W315W,L241B,L196B,D260W,W270W,L159B,4.5,48,50,21.25,0,4,1,2559
215,403,MEX,CM,Felix-Rose,Felix Rose,2317,W127W,L22B,L138B,D266W,L306B,L377B,W321W,L163B,W294B,W225W,L197B,4.5,48,49.5,16.75,0,4,1,2494
216,450,DEU,FM,TigranHH,,2309,L437B,W163W,L56W,L159B,L124W,L179B,D187B,W461W,W285W,W261B,L153W,4.5,48,49.5,16,0,4,1,2450
217,458,IND,CM,average_trans,,2286,D74B,L210B,W336W,L272B,W377W,L151B,L153W,D249W,W282B,D222B,L155W,4.5,47.5,48,15.75,0,3,1,2466
218,402,INT,FM,ValiantCeleb,Caleb Levi,2307,L469B,W340W,W185W,W309B,L70W,L128B,L134W,W225W,L175B,L184W,D209B,4.5,46,46,13.75,0,4,1,2564
219,438,GBR,NM,MAGMAchess02,Alfie Onslow,2243,L56B,W184W,L433W,L171B,L155B,W247W,L390B,W452B,L177W,D204B,W278W,4.5,45.5,47.5,16.75,0,4,1,2441
220,445,RUS,FM,Arteler,,2296,W503W,L118W,W473B,L35W,L388B,L66W,W311B,D212B,L168W,L229B,W267B,4.5,45,45,8.75,0,4,3,2526
221,10,RUS,FM,Grammnik,Dmitrij Skurikhin,2370,U--,W520B,W94W,L416B,W260W,L56W,W284B,L364W,L178B,L180B,D226W,4.5,42.5,42.5,15.25,0,4,2,2550
222,279,USA,NM,Flaccidmoves,Dan Herman,2434,L410W,L244B,L189W,W292B,L238W,L239B,W289W,W393B,W249B,D217W,L161B,4.5,41,44,16.25,0,4,3,2357
223,389,LTU,CM,I_KID_you_not,Paulius Juknis,2352,D491W,L400W,W493B,L131W,L205B,L84B,W460W,L101B,W286W,W266B,L141B,4.5,41,41.5,8.75,0,4,2,2533
224,425,PAN,CM,R2D2PTY,R D2PTY,2246,W439W,L398B,L279B,D170W,L384B,L148B,L130W,D276W,D275B,W304B,W280W,4.5,40.5,42.5,14,0,3,1,2430
225,301,AZE,FM,HajiyevKanan,Hajiyev Kanan,2589,L317W,L309B,W227W,W479W,L380B,W245B,L120W,L218B,D161W,L215B,W268W,4.5,40.5,41.5,15.75,0,4,1,2463
226,253,EGY,IM,m_ezat,Mohamed Ezat,2572,L409B,W248W,W479B,L34B,W313W,L112W,D236B,U--,L158W,D251B,D221B,4.5,40.5,41.5,13.25,0,3,1,2555
227,430,LTU,CM,Fan_Of_Chucky,Augustinas Bazilius,2422,L355B,L172W,L225B,L408W,W296B,W187W,W265W,D202B,L174B,U--,W261W,4.5,40,43,17.25,0,4,1,2454
228,399,GEO,WFM,LileKoridze,Lile Koridze,2341,L62W,L467W,L384B,D303W,W130B,L429B,W461W,D261B,L194W,D276B,W275W,4.5,39,40,15.75,0,3,1,2369
229,374,RUS,IM,Sputnik-11,,2384,W471B,L72W,L387B,L312B,W488W,L301W,W454B,L172W,D182B,W220W,L154B,4.5,39,40,11,0,4,2,2503
230,477,ROU,NM,Hell_team_captain,Дарья Хохлова,2346,BYE,L319B,U--,W322W,L121B,D213W,W143B,L164B,W266W,L142W,L162B,4.5,38,39,12.25,0,3,1,2494
231,73,RUS,GM,Gabrielian_Artur,Artur Gabrielian,2778,W209W,D160B,W272W,W305B,W53W,L3B,L70B,U--,U--,U--,U--,4.5,37,39.5,20.25,0,4,1,2734
232,50,ARM,IM,OhanyanEminChess,Emin Ohanyan,2803,W428B,W417W,D305B,W405W,W61W,L10B,L356W,U--,U--,U--,U--,4.5,30,32.5,17.25,0,4,1,2737
233,478,DEU,FM,Ze-Pequeno,,2164,U--,U--,U--,W529W,W311B,L155W,D285B,U--,U--,W271W,W273W,4.5,17.5,17.5,10.5,0,4,1,2344
234,396,IND,IM,chakruchess,Chakravarthi Reddy M,2272,L113B,L178B,W101W,L134W,L196B,W310W,L92B,W454W,W199B,L137W,L176W,4,53,55,15.5,0,4,1,2469
235,369,SRB,FM,micke12a,,2352,W381W,L76W,W96B,L118B,L122W,L164B,W286B,L173W,L190B,L391B,W290W,4,52,55,16.5,0,4,2,2537
236,380,POL,WIM,AniJak,Anna Jakubowska,2389,D400B,W491B,W45W,L345W,D385B,L256W,D226W,D384B,L121B,L134W,L192B,4,51,51.5,16,0,2,1,2601
237,322,ARG,CM,Pomberito2,Joaquin Rodrigo Jimenez,2329,W504B,D425W,W88W,L414B,L401W,W96B,L43W,L131W,L142B,D238W,L195B,4,50,50,16.25,0,3,2,2650
238,401,CUB,FM,JonSnowNW1,Cristhian Portal,2422,L416W,L121B,W519W,L44B,W222B,L139W,W159W,D408B,L145W,D237B,L201W,4,50,50,13.75,0,3,1,2497
239,420,KGZ,WNM,madmax011,,2344,L107B,L466W,L200W,L101B,W201W,W222W,L157B,L159B,W454W,W247B,L193B,4,49,50,15.5,0,4,1,2463
240,469,ITA,NM,NM_Antelacus,Alberto Fabris,2223,L110W,D153W,L49B,D135W,D249B,L450W,L248B,W289B,W263W,D242W,L198B,4,48.5,50.5,16.25,0,2,1,2447
241,236,NLD,IM,SCIM,Koen Leenhouts,2524,W308W,L11W,W325B,D86W,D69W,L27B,W214W,L112B,L126W,U--,U--,4,48.5,49.5,14.25,0,3,1,2534
242,363,IND,FM,unclear15,Mushini Ajay,2367,D374W,L45W,L99B,L392W,W335B,W302W,L266B,W268B,L101W,D240B,L190W,4,47.5,48,10.75,0,3,2,2466
243,404,NLD,NM,HanSchut,Han Schut,2303,L468B,W101B,L355W,L419W,W202B,L171W,L162W,L191B,W258B,W284W,L194B,4,47,48,18,0,4,3,2444
244,436,CRI,IM,valemava,Jaime Vaglio,2265,L132B,W222W,L150B,L139W,L253W,W322B,L207W,W423W,L193B,L195W,W282B,4,46,47,11.5,0,4,2,2438
245,418,BRA,NM,Theytookourjobs,SouthPark,2307,L111B,L306B,W201W,L92B,W322B,L225W,L194W,D257B,D265B,L199W,W284B,4,45,46,12.75,0,3,2,2454
246,242,FRA,FM,sharkarton,,2568,L396B,W254W,L70W,W278B,W267W,L93B,W126B,L64W,L129W,U--,U--,4,43.5,47,17,0,4,2,2614
247,315,INT,FM,MMKZH22,Maung Maung Kyaw Zaw Hein,2334,L23W,L307B,W290B,L362W,L287B,L219B,W291W,W192W,L189B,L239W,W292B,4,43.5,45.5,14,0,4,2,2355
248,406,RUS,WFM,DarZay,,2277,L68B,L226B,L407W,D461B,L198B,W304W,W240W,L130B,L251W,D294B,W283W,4,42.5,44,11.75,0,3,0,2355
249,360,CAN,NM,InitiatingASC,Michael Buscar,2325,L76B,L43B,L487W,W527B,D240W,W321B,L210W,D217B,L222W,L192W,W286B,4,42.5,42.5,8.75,0,3,3,2349
250,390,ECU,FM,elamier,elamier fathy,2368,L380B,L255W,L100B,W494W,L182B,W487W,W316B,L137B,L201W,L252B,W288B,4,40.5,41,6.5,0,4,2,2422
251,357,USA,FM,AsaHoffmann,Asa Hoffmann,2386,L27W,L401B,L191W,L489B,D294W,W494B,L277B,W460W,W248B,D226W,L196B,4,39,39.5,9.75,0,3,2,2365
252,446,KGZ,NM,ChampStan,Champ Master,2138,L431B,W428W,L255B,L180B,L207W,L311W,L201B,W308W,W453B,W250W,L179B,4,36.5,38.5,10.5,0,4,1,2415
253,292,INT,WIM,Aliso4ka_pirozhok,,2463,L2B,W321W,L25B,L212W,W244B,W454B,L150W,W284W,U--,U--,U--,4,36.5,38,10.5,0,4,2,2422
254,94,RUS,WFM,tylityli,,2362,U--,L246B,L482W,W276B,L173W,W325B,L196W,W274W,W283B,L200W,L199B,4,35,36,11,0,4,3,2402
255,212,BRA,GM,chessathletic,Raven Sturt,2558,L460W,W250B,W252W,L365W,W204B,U--,W116B,L106W,U--,U--,U--,4,29.5,31,18.5,0,4,3,2493
256,202,CZE,FM,Slovak_fighter2000,Marek Karas,2457,W454W,W479W,L3B,L409W,W176B,W236B,L104W,U--,U--,U--,U--,4,29.5,30.5,12,0,4,2,2696
257,478,DEU,GM,MathiasWomacka,Mathias Womacka,2509,U--,U--,L421W,L484W,W271B,W486W,L269B,D245W,L273B,D286B,W276W,4,25,26,11.5,0,3,1,2294
258,432,POL,WCM,invisible_s0ul,,2290,U--,U--,U--,U--,U--,U--,BYE,W291B,L243W,W296W,W285B,4,10,13,9,0,3,2,2324
259,403,POL,IM,Kildepiotr,Piotr Piesik,2608,U--,U--,U--,U--,U--,U--,U--,W310B,W303W,W454B,W263W,4,8,10,10,0,4,2,2205
260,214,CHL,IM,MatyChess1,Matías Pérez Gormaz,2636,W488W,L2W,W208B,L26W,L221B,W207B,L367W,L126B,D214B,L161W,U--,3.5,52,53,12.25,0,3,2,2476
261,327,ITA,FM,Schattman,Florian Gatterer,2440,L21B,L47B,W489W,D75B,L420W,D189B,D264W,D228W,D267B,L216W,L227B,3.5,51,52,12.75,0,1,0,2470
262,191,POL,IM,BetonCarlsen,Dominik Orzech,2416,W288B,W24B,W361W,D3W,U--,L351B,L353W,L186W,L148B,L203W,U--,3.5,48.5,51.5,20.75,0,3,2,2681
263,405,COL,FM,JCVanDamme10,MF Pablo Alexander Ruiz Aguilar,2336,L36W,L205W,D162B,W130W,L266B,L153W,W276B,L213W,L240B,W302W,L259B,3.5,48.5,51,14.75,0,3,1,2437
264,416,HRV,CM,giomar27,,2261,L434B,W162W,W122B,L375B,L167W,L65B,D261B,L158W,L187W,L277B,W294W,3.5,48.5,50.5,16.25,0,3,1,2482
265,365,GBR,CM,masenik,Матфей,2213,W512W,L27B,L55W,L94B,W323B,L364W,L227B,D287B,D245W,D268W,L208B,3.5,47,47,6.25,0,2,1,2454
266,480,VEN,FM,fabianvivasz,Fabian Vivas,2448,U--,W189W,L349B,D215B,W263W,L75B,W242W,L146B,L230B,L223W,L191B,3.5,46,49.5,14.75,0,3,0,2444
267,408,UKR,FM,monkins,,2341,L375B,W513W,W132W,L168B,L246B,L184W,L137W,W309B,D261W,L163B,L220W,3.5,46,46,9.75,0,3,1,2479
268,428,ARG,FM,GAusal,Jorge Carlos Antonio,2302,L185B,W407W,D431W,W210B,L400W,L272B,L145B,L242W,D204W,D265B,L225B,3.5,42,44.5,13.25,0,2,1,2488
269,395,CAN,CM,ChessFanNM,Roman J,2321,L319W,D182W,L315B,L429B,W304W,D162B,W257W,L389B,L116B,L191W,D274W,3.5,40,42,13.5,0,2,0,2431
270,455,ARG,FM,leotobares,Leandro Tobares,2375,L364W,W125B,D458B,W431W,L89W,U--,L377B,W316W,L202W,L214B,L211W,3.5,40,41.5,11.25,0,3,1,2501
271,419,TUR,WCM,WonderChampion,,2299,L41W,L196B,L163B,L316W,L257W,W534B,D295W,W303W,L280B,L233B,W302W,3.5,40,40,6.5,0,3,1,2382
272,229,PRK,FM,DefiantChair,,2631,W461W,D30W,L231B,W217W,L404B,W268W,L374B,L153B,L157W,U--,U--,3.5,39,40.5,13.25,0,3,0,2534
273,398,RUS,IM,kai_nov,Alexey Kornyukov,2232,L149B,D337B,L74W,L148W,L450B,L303B,W494W,W321B,W257W,L213W,L233B,3.5,37.5,38,6.25,0,3,1,2401
274,3,USA,NM,CraiggoryC,Craig,2294,U--,W201W,L181W,L65B,L282B,L390W,W322W,L254B,L393W,W321W,D269B,3.5,37,38,9.25,0,3,0,2396
275,460,NLD,CM,shirovin,Marcel Winkels,2052,L475B,L145B,L177W,L447W,L393B,W318W,L283W,W292B,D224W,W287W,L228B,3.5,36.5,37.5,10.25,0,3,1,2350
276,461,RUS,WCM,Ariadna_Atreides,Arina Kiseleva,2204,L463W,L470W,L390B,L254W,W453W,D211B,L263W,D224B,W290B,D228W,L257B,3.5,35,36,11.75,0,2,1,2362
277,478,USA,NM,2good4u734,,2336,U--,U--,W521W,D174B,L183W,L281B,W251W,L198W,L211B,W264W,L204W,3.5,35,35,10,0,3,0,2392
278,474,CHL,CM,Roedor,Andres Carrasco Miranda,2426,U--,U--,W295B,L246W,W307B,L175B,L212W,D286W,W287B,L182W,L219B,3.5,32,34,9.5,0,3,3,2316
279,204,IRN,WGM,ama18,Mobina Alinasab,2527,W299W,L361B,W224W,L298B,W427W,L349W,L386B,D157W,U--,U--,U--,3.5,31,33.5,12.75,0,3,0,2567
280,456,NIC,FM,WilliamAlfaroCaracas,William Alfaro Caracas,2360,U--,U--,U--,U--,D494B,W294W,W302B,L98W,W271W,L205B,L224B,3.5,24.5,25,9.25,0,3,1,2326
281,22,MEX,NM,elchacal664,Christian Silvestre,2250,U--,W127B,L168W,U--,D321B,W277W,W205B,L210W,U--,U--,U--,3.5,23.5,25,14.75,0,3,2,2483
282,351,UKR,NM,Kostukov_Alex,,2353,L40W,L67W,W303B,L77B,W274W,W132W,L42B,L66B,L217W,L393B,L244W,3,58,60.5,12,0,3,1,2457
283,318,RUS,WCM,Lady_Nika,Veronika Shubenkova,2515,L11B,W295W,L149B,L15W,L192B,L286W,W275B,W453W,L254W,L212B,L248B,3,49.5,51.5,8.5,0,3,1,2398
284,464,CYP,WFM,Larina_Maria,Maria Larina,2135,L181B,L9B,W338W,W163W,W193B,L388W,L221W,L253B,L207W,L243B,L245W,3,49.5,49.5,10.5,0,3,1,2428
285,382,RUS,WIM,Matols,Olga Matveeva,2442,L87B,L197W,L102B,W299W,L164B,W488B,D233W,L205W,L216B,D288W,L258W,3,47,48,7.75,0,2,1,2411
286,437,ITA,NM,Badlyplayed,Paolo Ciuffoletti,2231,L122W,W171B,L443W,L184W,L199B,W283B,L235W,D278B,L223B,D257W,L249W,3,44,46,11.75,0,2,2,2437
287,429,POL,CM,WiktoriaPOL,Wiktoria Śmietańska,2193,L138W,L173B,L213B,W296W,W247W,L386B,L369B,D265W,L278W,L275B,D295B,3,41.5,44.5,10.25,0,2,0,2394
288,431,BRA,NM,Zampronha1971,Wladimir Zampronha,2234,L262W,W183W,L438B,L407B,L213W,D163B,L198B,L304W,W321B,D285B,L250W,3,38.5,40,10.75,0,2,1,2412
289,417,USA,NM,talaicito,Tom Smith,2207,L312W,L92W,L184B,L164W,W295B,L202W,L222B,L240W,U--,W329B,W307W,3,37,38,6,0,3,2,2404
290,432,LTU,WIM,salomez,Salomeja Zaksaite,2278,L405B,L444B,L247W,W179B,W194W,L297W,U--,L193B,L276W,W307B,L235B,3,35,37,12,0,3,2,2406
291,465,SWE,WFM,annacramling,Anna Cramling,2136,L379W,L377W,L207B,W453B,L135W,U--,L247B,L258W,L296B,W330W,W308B,3,34,35,5,0,3,2,2367
292,479,USA,NM,Mike24147,Michael Romero,2298,U--,U--,L428B,L222W,L179W,L201B,W318B,L275W,W308B,W299B,L247W,3,29.5,31.5,7,0,3,3,2336
293,27,HUN,GM,Azeryahu,Gyula Pap,2892,W196W,W94B,W136W,L21B,L22W,U--,U--,U--,U--,U--,U--,3,28.5,33.5,17.5,0,3,1,2681
294,475,FIN,CM,JiiHart,Jarmo Hartikainen,2098,U--,U--,U--,L211W,D251B,L280B,W296W,W295B,L215W,D248W,L264B,3,27,30,10,0,2,1,2323
295,472,ROU,NM,zurzan,IULIAN NECULA,2044,L432B,L283B,L278W,L490B,L289W,BYE,D271B,L294W,L302B,W303B,D287W,3,26,27,5.75,0,1,1,2297
296,481,GEO,GM,QashashviliAlexandre,Alexandre Qashashvili,2285,U--,U--,L321B,L287B,L227W,L453B,L294B,W318W,W291W,L258B,W304W,3,24,25.5,7.5,0,3,0,2208
297,476,NLD,GM,DdeVreugt,Dennis de Vreugt,2494,W506W,L109B,W475B,L363W,L57W,W290B,U--,U--,U--,U--,U--,3,22,22,4,0,3,2,2644
298,54,ISR,GM,AvitalBor,Avital Boruchovsky,2726,W516B,L364W,W175B,W279W,L140B,U--,U--,U--,U--,U--,U--,3,19,19,8.5,0,3,2,2572
299,444,HRV,FM,dDobravcan,Zlatko Lisjak,2130,L279B,L174B,L327W,L285B,U--,U--,U--,W330W,W329B,L292W,W310B,3,18.5,19.5,4,0,3,2,2397
300,125,UZB,IM,Tash_Boy,Ortik Nigmatov,2682,W195W,L427B,W322B,W209W,L103W,U--,U--,U--,U--,U--,U--,3,18,19,10.5,0,3,1,2524
301,462,UKR,GM,SharapovEvgeny,Sharapov Evgeny,2565,U--,U--,U--,W393W,W485W,W229B,L209W,U--,U--,U--,U--,3,13,14,9.5,0,3,1,2393
302,448,BRA,NM,turtlein,Paulo SantAnna,2224,L417B,L180W,D158B,W198W,L174W,L242B,L280W,L187B,W295W,L263B,L271B,2.5,43,46,10.75,0,2,0,2400
303,462,USA,CM,Doudou2015,Daouda Ethmane,2203,L473B,L202B,L282W,D228B,U--,W273W,L211W,L271B,L259B,L295W,W321B,2.5,32,33,7.25,0,2,1,2367
304,467,USA,NM,TheOneAndOnlyHedgie,John Burke,2174,L458W,D336B,L153B,L483W,L269B,L248B,W335W,W288B,L423B,L224W,L296B,2.5,29.5,30,3.75,0,2,1,2399
305,203,GIB,CM,zimmm36,,2622,W526B,W123B,D232W,L231W,L47B,L186B,U--,U--,U--,U--,U--,2.5,27.5,27.5,8.25,0,2,2,2738
306,263,IND,IM,Triumphmate,Dushyant Sharma,2489,L462B,W245W,D47W,L88B,W215W,U--,U--,U--,U--,U--,U--,2.5,22.5,23.5,12.25,0,2,0,2682
307,470,POL,FM,FMStan15,Stanisław Osiecki,2036,L151B,W247W,L42W,L428B,L278W,L452B,W490B,L189W,L192B,L290W,L289B,2,41,42,5,0,2,1,2375
308,474,IRN,FM,MohMoh75,Mohammad Mohammadian,1869,L241B,L199W,BYE,L125B,L162W,L130W,L453B,L252B,L292W,W318B,L291W,2,38.5,40.5,2,0,1,1,2367
309,459,GAB,CM,akanga001,barte bongo,2059,L433W,W225W,W134B,L218W,L44B,L124B,L163W,L267W,U--,U--,U--,2,37.5,39.5,10.5,0,2,1,2465
310,473,COL,FM,maurovargas01,mauro vargas,1868,L42W,L194W,L195B,L448W,BYE,L234B,L393B,L259W,U--,W335B,L299W,2,34.5,35,0.5,0,1,1,2388
311,359,POL,CM,andrzej,,2411,L112W,L206W,W461B,L132B,L233W,W252B,L220W,U--,U--,U--,U--,2,29.5,31,5.5,0,2,2,2410
312,177,RUS,NM,ChessShop,Konstantin Kodinets,2621,W289B,L20W,L126B,W229W,L125B,U--,U--,U--,U--,U--,U--,2,24.5,27.5,7.5,0,2,1,2551
313,421,FRA,WFM,Vse_po_kaify,,2307,W522W,L403W,L445B,W196W,L226B,L408W,L129W,U--,U--,U--,U--,2,24.5,24.5,5,0,2,0,2537
314,423,UZB,WFM,Maftuna2303,Maftuna Bobomurodova,2299,W342W,L136B,L197B,W478W,L370B,L382W,U--,U--,U--,U--,U--,2,21,21,1,0,2,0,2555
315,187,COL,GM,davidarenas1224,David Arenas,2532,L472B,D492W,W269W,L406B,D157W,L214B,U--,U--,U--,U--,U--,2,18,18.5,6.5,0,1,0,2349
316,475,AZE,FM,HATilay,Atilla Eynullayev,2527,U--,U--,U--,W271B,W452W,L135B,L250W,L270B,U--,U--,U--,2,17,19,5.5,0,2,1,2325
317,62,RUS,IM,Kopylov_Alex,Alexander Kopylov,2928,W225B,W475W,L368B,L417W,L383B,U--,U--,U--,U--,U--,U--,2,16.5,17.5,5.5,0,2,1,2552
318,444,USA,NM,PawnEatingZombie,Jeff Quirke,2196,U--,U--,U--,U--,U--,L275B,L292W,L296B,BYE,L308W,W332B,2,11.5,12.5,1,0,1,1,2288
319,155,DOM,IM,tvjosue,Josue Araujo Sanchez,2658,W269B,W230W,L410W,U--,U--,U--,U--,U--,U--,U--,U--,2,8,11,8,0,2,1,2614
320,371,CZE,FM,Sunnika,Kirill Burdalev,2302,U--,U--,U--,U--,U--,U--,U--,U--,U--,W333B,W335W,2,1,1.5,1.5,0,2,1,2186
321,456,ECU,FM,ricaurtelopezj1955,,2148,L150B,L253B,W296W,L143B,D281W,L249W,L215B,L273W,L288W,L274B,L303W,1.5,40,42.5,4.75,0,1,0,2360
322,314,IRQ,FM,zozik,Zozek Salah Mohammed Mohammed,2374,W63B,L37B,L300W,L230B,L245W,L244W,L274B,U--,U--,U--,U--,1,30.5,33.5,7,0,1,1,2519
323,451,USA,NM,MikeSailer,Mike Sailer,2203,L438W,W516W,L114B,L81B,L265W,L423B,U--,U--,U--,U--,U--,1,21,21,0,0,1,0,2497
324,355,POL,NM,Dzidzik2203,,2379,W75W,L436W,L78B,U--,U--,U--,U--,U--,U--,U--,U--,1,14,16,7,0,1,0,2690
325,475,DOM,WCM,PattyCastillo,Patty Castillo,1978,U--,BYE,L241W,L420B,L195W,L254W,U--,U--,U--,U--,U--,1,13,16,0,0,0,0,2496
326,17,IND,GM,mitrabhaa,Mitrabha Guha,2823,W370W,L97B,L440W,U--,U--,U--,U--,U--,U--,U--,U--,1,11.5,13.5,5,0,1,0,2575
327,230,BOL,CM,DanielTitichoca,Daniel Titichoca Daza,2461,U--,L412W,W299B,L380W,U--,U--,U--,U--,U--,U--,U--,1,7,10,3,0,1,1,2672
328,55,ITA,GM,Didici,Lorenzo Lodici,2736,W366W,L117B,U--,U--,U--,U--,U--,U--,U--,U--,U--,1,6,11,5,0,1,0,2585
329,411,INT,FM,Oleg_Papayan,Oleg Papayan,2479,U--,U--,U--,U--,U--,U--,U--,W335B,L299W,L289W,U--,1,6,6.5,0.5,0,1,1,2236
330,411,BOL,IM,matagordo,Jonny Cueto,2169,U--,U--,U--,U--,U--,U--,U--,L299B,W335W,L291B,U--,1,6,6.5,0.5,0,1,0,2195
331,8,INT,FM,aa175,,2579,U--,W515B,L133W,U--,U--,U--,U--,U--,U--,U--,U--,1,6,6,0,0,1,1,2377
332,370,CAN,NM,karpovian123,,2325,U--,U--,U--,U--,U--,U--,U--,U--,U--,W339B,L318W,1,2,2,0,0,1,1,2251
333,368,USA,NM,microbear,Eric Hon,2188,U--,U--,U--,U--,U--,U--,U--,U--,U--,L320W,BYE,1,0,2,0,0,0,0,0
334,354,IND,CM,PapiPapita,Soham Kamotra,2541,U--,U--,U--,U--,U--,U--,U--,U--,U--,U--,W339W,1,0,0,0,0,1,0,0
335,439,ESP,CM,deibittowers,David Torres Domínguez,2138,D210W,L98B,L156B,L158W,L242W,L461B,L304B,L329W,L330B,L310W,L320B,0.5,35,36,2.25,0,0,0,2358
336,308,VNM,WIM,binbin239,Hong Anh Nguyen,2523,L30B,D304W,L217B,U--,U--,U--,U--,U--,U--,U--,U--,0.5,12,14.5,1.25,0,0,0,2505
337,246,AUT,CM,Mostii,Maximilian Mostbauer,2497,L16B,D273W,U--,U--,U--,U--,U--,U--,U--,U--,U--,0.5,8,11.5,1.75,0,0,0,2966
338,354,ISR,FM,glebus008,Kaganskiy Gleb,2282,L357B,L471W,L284B,U--,U--,U--,U--,U--,U--,U--,U--,0,8.5,9.5,0,0,0,0,2674
339,370,DEU,FM,MunichMouse,Wolfgang Zahn,2314,U--,U--,U--,U--,U--,U--,U--,U--,U--,L332W,L334B,0,1,2,0,0,0,0,2550
340,252,RUS,FM,Petukhov_Dmitry,Dmitry Petukhov,2452,U--,L218B,U--,U--,U--,U--,U--,U--,U--,U--,U--,0,0,4.5,0,0,0,0,0
341,48,ISR,IM,pheonixking2000,David Gorodetzky,2841,L422B,U--,U--,U--,U--,U--,U--,U--,U--,U--,U--,0,0,3,0,0,0,0,0
342,183,RUS,FM,Ditman2007,,2627,L314B,U--,U--,U--,U--,U--,U--,U--,U--,U--,U--,0,0,2,0,0,0,0,0
343,152,RUS,FM,Alexei_Gubajdullin,,2703,U--,U--,U--,U--,U--,U--,U--,U--,U--,U--,U--,0,0,0,0,0,0,0,0
344,233,AUT,FM,Unkreativ3,M T,2599,U--,U--,U--,U--,U--,U--,U--,U--,U--,U--,U--,0,0,0,0,0,0,0,0
345,88,AZE,FM,ShiroglanTalibov,Talibov Shiroghlan,2806,D429B,W156W,W455W,W236B,W352B,L346W,W39W,W49B,L7B,U--,U--,6.5,47.5,49,32.75,0,6,3,2742
346,39,TUR,IM,ckgchess,Cem Kaan Gokerkan,2903,W65W,W132B,D385W,W36B,W40W,W345B,L29W,D76B,L26W,U--,U--,6,57,61,40,0,5,3,2728
347,31,RUS,IM,Rud_Makarian,Rudik Makarian,2969,W170W,W185B,W83W,L37B,W80W,L360B,W73W,W25B,L17W,U--,U--,6,53.5,58.5,38,0,6,2,2702
348,61,ARM,GM,Dedic8,Sergei Lobanov,2788,L443W,W155B,W478W,W364B,W387W,W22B,L51W,W140B,L9W,U--,U--,6,46,47,29,0,6,4,2601
349,47,IND,GM,Harsha_Bharathakoti,Harsha Bharathakoti,2849,L442W,W521B,W266W,L128B,W159W,W279B,W78B,W27W,L34B,U--,U--,6,43,43,27.5,0,6,3,2585
350,34,GBR,GM,VerdeNotte,Gawain Jones,2929,W172B,W138W,L8B,W56W,W109B,W37W,D12W,L21B,U--,U--,U--,5.5,51.5,56.5,35.25,0,5,2,2705
351,67,GEO,GM,Lukianoo,Luka Paichadze,2780,W9W,W85B,W435W,L19B,D152W,W262W,W375B,L7W,U--,U--,U--,5.5,46,48,28.25,0,5,2,2699
352,37,RUS,IM,Eduard_Limonov,Yaroslav Remizov,2750,W444W,W115B,W118W,D356B,L345W,W43B,W88W,L8B,L58W,U--,U--,5.5,54,56,30.75,0,5,2,2703
353,51,KAZ,IM,EugeneRougon,Aslan Aitbayev,2798,W501W,L437B,W92W,D117B,W355W,L36B,W262B,W152W,L45B,U--,U--,5.5,44,44,24,0,5,1,2608
354,58,RUS,FM,IlyaGrigorjev,,2900,W402B,U--,W44W,W190B,W149W,D13W,W357B,L28B,U--,U--,U--,5.5,39.5,43,31.25,0,5,3,2687
355,190,ESP,IM,ellatambien,,2441,W227W,L53W,W243B,D39W,L353B,W428W,D64B,D125B,W153W,L75W,U--,5.5,54,56.5,26.75,0,4,1,2624
356,120,POL,NM,forevery0ung,Jan Malek,2657,W502B,W214W,W409B,D352W,L33B,W396W,W232B,L3W,L79B,L41W,U--,5.5,52,52,18.25,0,5,3,2815
357,113,IND,FM,MdImranCM,Md Imran,2504,W338W,L193B,W386W,W442B,W106B,D95W,L354W,L85B,W368W,L91B,U--,5.5,47,47,20.25,0,5,2,2632
358,449,HKG,FM,Alopekos,,2344,W520W,W380W,W51B,W411B,W373W,L6B,L32W,U--,U--,U--,U--,5,35,35,18.5,0,5,2,2787
359,22,RUS,GM,Zhuu96,Zhamsaran Tsydypov,3018,L167B,W192W,W467B,W439W,W67B,W378W,U--,U--,U--,U--,U--,5,23,24,19,0,5,2,2624
360,91,NLD,IM,kleinebeer98,Thomas Beerdsen,2817,W124W,W386B,W446W,L50W,W368B,W347W,L2W,L59B,U--,U--,U--,5,44.5,46.5,23,0,5,2,2713
361,46,SRB,GM,DrVelja,Velimir Ivic,2918,W201B,W279W,L262B,W437W,W87B,L54B,L140W,W160B,U--,U--,U--,5,36.5,38.5,22.5,0,5,3,2609
362,80,ESP,IM,I_am_Javi,Ernesto Javier Fernandez Guillen,2733,L389B,L457W,W525W,W247B,W422W,W114B,D368W,D36B,U--,U--,U--,5,31,31,19.25,0,4,2,2507
363,89,BGR,IM,nurgyulsalimova,Nurgyul Salimova,2606,W155W,L105B,W422W,W297B,W42B,L31W,W128W,L50B,L56W,U--,U--,5,49.5,52.5,25,0,5,2,2625
364,215,TUR,FM,EmirhanTarlabasi,Emirhan Tarlabasi,2560,W270B,W298B,L52W,L348W,L60B,W265B,W66W,W221B,L25W,U--,U--,5,46.5,49.5,21.5,0,5,4,2591
365,93,RUS,GM,GM_Crest,Sergey Shipov,2726,W457W,L389B,W154W,W255B,W165W,L18B,W167B,L103W,L122B,U--,U--,5,43.5,45,21,0,5,2,2610
366,294,MEX,FM,Haykoooo0o,,2472,L328B,W212W,L58B,W488W,W113B,W416W,L67B,W111W,L69B,U--,U--,5,41.5,42.5,20.5,0,5,1,2622
367,478,CHL,FM,IPAchess,Joao Avalos,2325,U--,U--,W526B,W62W,L115B,W136W,W260B,W128W,L46B,U--,U--,5,36,36,22.5,0,5,2,2603
368,217,USA,NM,Noki102,Nicholas Ladan,2461,W494B,W15W,W317W,L2B,L360W,W106B,D362B,L108W,L357B,D174W,U--,5,52.5,53,22,0,4,2,2749
369,368,DEU,CM,ChessWarrior3,,2396,L80B,D131B,W420W,D68B,L120W,L77B,W287W,W182W,W392B,L74B,U--,5,51.5,54.5,21.5,0,4,1,2583
370,255,USA,IM,Leon-Black,,2513,L326B,W490W,W123W,L25B,W314W,L46W,W419B,L72B,W176W,L93B,U--,5,46,47,17,0,5,1,2637
371,52,HUN,IM,hulkmania8949,,2854,W180B,W438W,W437W,W105B,L1B,L34W,D118B,U--,U--,U--,U--,4.5,36.5,38.5,18,0,4,2,2708
372,38,POL,GM,krzyzan94,Marcin Krzyżanowski,2772,L159B,W213W,W121B,W445W,D398B,W400W,L76W,U--,U--,U--,U--,4.5,30,32,17.75,0,4,1,2599
373,42,TUR,IM,BahadirOzen,Bahadir Ozen,2817,W184B,W445W,W97B,W8W,L358B,L51W,D83B,L45W,U--,U--,U--,4.5,46.5,48.5,25.75,0,4,2,2638
374,122,USA,GM,GMAkobianSTL,Varuzhan Akobian,2701,D242B,L60W,W135B,W153W,W145B,L39B,W272W,L44W,U--,U--,U--,4.5,43,46.5,22.5,0,4,2,2532
375,168,POL,FM,mr_gustavo,Jakub Seemann,2659,W267W,L395B,W188B,W264W,W26B,D23W,L351W,L40B,U--,U--,U--,4.5,41,44.5,24,0,4,2,2680
376,109,IND,FM,suyu28,Suyog Wagh,2800,W390W,W129B,D10W,W397W,W414B,L33W,L7B,L41W,L96B,U--,U--,4.5,52.5,55.5,20.75,0,4,2,2813
377,307,USA,CM,The_Sherman_Variation,,2554,L32W,W291B,D401W,L404B,L217B,W215W,W270W,W405B,L97W,L98B,U--,4.5,43.5,46.5,16.25,0,4,2,2518
378,85,CZE,IM,JakubPulpan,Jakub Pulpan,2653,W213W,W159B,W193W,L20W,W379B,L359B,U--,U--,U--,U--,U--,4,28,32,19,0,4,2,2665
379,225,MYS,CM,sonicdravise,,2658,W291B,W413B,L411W,W57B,L378W,W142B,U--,U--,U--,U--,U--,4,22.5,25.5,18.5,0,4,4,2686
380,149,UKR,FM,ProfessorChess101,,2397,W250W,L358B,L129W,W327B,W225W,W180W,L15B,U--,U--,U--,U--,4,33,34,14.5,0,4,1,2493
381,128,POL,FM,verdest,Kosma Pacan-Milej,2646,L235B,W481W,W382B,L166W,W389W,W134B,L59B,U--,U--,U--,U--,4,30,31,15,0,4,2,2525
382,305,ESP,IM,guillembaches,Guillermo Baches,2415,L413W,W191B,L381W,L59B,W486W,W314B,W77W,U--,U--,U--,U--,4,28,29,15,0,4,2,2577
383,283,RUS,FM,Just_Lucky_1,,2561,L123W,W454B,W93B,L76W,W317W,W387B,L58B,L78W,U--,U--,U--,4,39.5,41.5,14.5,0,4,3,2717
384,256,USA,NM,TheoSlade,Theodore Slade,2475,L29W,L486B,W228W,D189B,W224W,W99W,L45B,D236W,U--,U--,U--,4,39.5,40.5,20,0,3,0,2512
385,153,DEU,IM,The_Machine04,Ruben Gideon Köllner,2714,W133B,W460W,D346B,L31W,D236W,L81B,W422B,L105W,U--,U--,U--,4,39,40.5,15.5,0,3,2,2577
386,311,GBR,CM,DIMONBANAN,,2490,W511W,L360W,L357B,L191W,W490B,W287W,W279W,L94B,U--,U--,U--,4,29.5,29.5,7.5,0,4,1,2550
387,154,USA,IM,Lennis93,Lennis Martinez,2705,L449W,W509B,W229W,W133B,L348B,L383W,W183B,U--,U--,U--,U--,4,27.5,27.5,15.5,0,4,3,2487
388,238,NOR,FM,jens1102,,2604,L1B,L161W,W447B,W423W,W220W,W284B,L25B,L69W,L135B,U--,U--,4,47,49,12.5,0,4,2,2530
389,319,SVN,FM,tandaleo,,2404,W362W,W365W,L12B,L67W,L381B,W448W,L197B,W269W,L132W,U--,U--,4,44,46,15.5,0,4,0,2633
390,350,FRA,FM,JoachimMouhamad,Joachim Mouhamad,2493,L376B,L404B,W276W,L185B,L454W,W274B,W219W,W422W,L165B,U--,U--,4,32.5,34.5,14.5,0,4,1,2456
391,441,ESP,CM,ajedrez1101,Boris Bruned,2317,W190W,L83W,L417B,W173W,L178B,L200B,W193W,L71B,L188B,W235W,U--,4,47.5,50.5,19,0,4,0,2505
392,243,UKR,GM,temiksmozg,Artem Omelja,2617,D397W,L61B,L456W,W242B,W430W,L64B,W427B,D176W,L369W,L188B,U--,4,41.5,43,13.25,0,3,2,2549
393,414,BRA,NM,NMZanette,Edgard Zanette,2310,L168B,L175W,L171W,L301B,W275W,L137B,W310W,L222W,W274B,W282W,U--,4,38.5,40.5,12,0,4,1,2418
394,99,GRC,GM,Mastroskaki,Athanasios Mastrovasilis,2733,L176W,W186B,W174W,D151B,W117W,U--,U--,U--,U--,U--,U--,3.5,21.5,26.5,18.75,0,3,1,2520
395,16,UZB,GM,Shield12,Shamsiddin Vokhidov,2889,W513B,W375W,W46B,L12W,D76B,L8W,U--,U--,U--,U--,U--,3.5,36.5,36.5,15.5,0,3,2,2712
396,5,PER,IM,MITerryble,Renato Terry,2946,W246W,W415B,W72W,D82B,L3W,L356B,U--,U--,U--,U--,U--,3.5,32.5,35.5,17.25,0,3,1,2749
397,6,RUS,GM,dropstoneDP,David Paravyan,3046,D392B,W74W,W68W,L376B,W131W,L76B,U--,U--,U--,U--,U--,3.5,31.5,35.5,22,0,3,0,2647
398,144,BGR,IM,Athanasios2,,2692,W485B,W224W,L53B,W90W,D372W,L7B,U--,U--,U--,U--,U--,3.5,31.5,32.5,14.25,0,3,1,2682
399,129,IRN,GM,Fighterman91,Pouria Darini,2714,W514W,D449B,W157W,L7B,W151W,L61B,U--,U--,U--,U--,U--,3.5,29,29,12,0,3,0,2637
400,139,RUS,FM,KononenkoD,Dmitry Kononenko,2572,D236W,W223B,D60B,D119W,W268B,L372B,U--,U--,U--,U--,U--,3.5,26,29.5,16.5,0,2,2,2488
401,134,GBR,FM,louis198,,2606,L427B,W251W,D377B,W144W,W237B,L35W,U--,U--,U--,U--,U--,3.5,25.5,28,15.75,0,3,1,2533
402,297,FRA,CM,JohnnyAnto,,2462,L354W,W494B,D404W,W99W,W403B,L88B,U--,U--,U--,U--,U--,3.5,25.5,26,12.25,0,3,2,2710
403,135,MNE,CM,Andrei_Skvortsov,Andrei Skvortsov,2738,W515W,W313B,L6B,D141W,L402W,W156B,L151W,U--,U--,U--,U--,3.5,31,31,10.25,0,3,2,2544
404,108,TUR,CM,hasagoodchesser,Yankı TAŞPINAR,2736,L193B,W390W,D402B,W377W,W272W,L79B,L117B,U--,U--,U--,U--,3.5,29.5,33,13.75,0,3,0,2566
405,192,FRA,FM,SandwichOSaumon,,2489,W290W,D31W,W35B,L232B,L39W,L144B,W429W,L377W,U--,U--,U--,3.5,40,42.5,16.75,0,3,1,2697
406,447,ITA,NM,SicilianPanzer,Vittorio Cinà,2303,W505W,D140B,L89B,W315W,L36W,L206B,W428B,L136W,U--,U--,U--,3.5,34.5,34.5,7.25,0,3,1,2605
407,274,UKR,IM,Natalya_Buksa,Nataliya Buksa,2562,U--,L268B,W248B,W288W,L63B,W447W,D87W,L86B,U--,U--,U--,3.5,30.5,32.5,12.25,0,3,1,2495
408,462,ARG,IM,doctorcristian,Cristian Adrian Dolezal,2563,U--,U--,U--,W227B,W484W,W313B,L115W,D238W,U--,U--,U--,3.5,16.5,17.5,9.5,0,3,2,2375
409,15,VNM,GM,crescentmoon2411,Nguyen Ngoc Truong Son,2873,W226W,W55B,L356W,W256B,U--,U--,U--,U--,U--,U--,U--,3,17,21,15.5,0,3,2,2661
410,40,DNK,GM,lilleper1,Jonas Bjerre,2900,W222B,W122W,W319B,L54W,L73B,U--,U--,U--,U--,U--,U--,3,24.5,26.5,12.5,0,3,2,2657
411,56,GRC,IM,tacticthunder,Dimitris Alexakis,2860,W163B,W150W,W379B,L358W,L118B,U--,U--,U--,U--,U--,U--,3,22,26,15,0,3,2,2560
412,3,CYP,FM,sofaceindisguise,,2676,U--,W327B,W81W,W114W,L9B,U--,U--,U--,U--,U--,U--,3,21.5,22.5,13.5,0,3,1,2553
413,66,USA,FM,anon102030,,2778,W382B,L379W,W196B,W438W,L78W,U--,U--,U--,U--,U--,U--,3,20,22,11,0,3,2,2568
414,2,WSM,GM,Bigfish1995,Vladimir Fedoseev,3064,W134B,W149W,L40B,W237W,L376W,L85B,U--,U--,U--,U--,U--,3,30,34,15.5,0,3,1,2649
415,157,POL,FM,bipe137,,2478,W453B,L396W,W194B,W60W,L52W,L105B,U--,U--,U--,U--,U--,3,28.5,30.5,14,0,3,2,2631
416,161,USA,NM,Aemulus20,Graham Horobetz,2546,W238B,L79W,W199B,W221W,L95W,L366B,U--,U--,U--,U--,U--,3,27.5,31.5,13.5,0,3,2,2604
417,208,SVN,FM,slorovel,,2560,W302W,L232B,W391W,W317B,L14W,L49B,U--,U--,U--,U--,U--,3,27,29,8.5,0,3,1,2727
418,400,NGA,IM,Nigerianprodigy,Isaac Okeke,2346,D89B,D465W,W77W,L78B,L110B,L422W,W450B,U--,U--,U--,U--,3,31.5,32.5,12.75,0,2,1,2581
419,240,DEU,FM,Tactictic,Richard Bethke,2515,L70B,L133W,W453W,W243B,L56B,W446W,L370W,U--,U--,U--,U--,3,31,33,8,0,3,1,2530
420,142,SWE,IM,YairParkhov,Yair Parkhov,2643,L435B,D198W,L369B,W325W,W261B,D183B,L171W,U--,U--,U--,U--,3,25.5,26.5,9.5,0,2,1,2439
421,392,ESP,IM,jaldjald,,2316,L118B,L134W,W257B,W182W,L160W,W159B,L175W,L184W,U--,U--,U--,3,38,42,14.5,0,3,2,2524
422,287,USA,CM,paradise10,,2526,W341W,L104B,L363B,W451W,L362B,W418B,L385W,L390B,U--,U--,U--,3,29,29,5,0,3,1,2627
423,386,POL,CM,RCone,Rafal,2462,W206B,L46B,L107W,L388B,L127W,W323W,U--,L244B,W304W,U--,U--,3,34.5,35.5,8,0,3,1,2488
424,102,USA,IM,GothamChess,Levy Rozman,2763,D157B,W130W,W146W,L61B,U--,U--,U--,U--,U--,U--,U--,2.5,18.5,24,14.25,0,2,0,2593
425,97,PHL,FM,babyking1205,Alekhine Nouri,2682,W186W,D237B,W459B,L10W,U--,U--,U--,U--,U--,U--,U--,2.5,17.5,19,8.5,0,2,1,2675
426,32,AZE,GM,Durarbayli,Vasif Durarbayli,2885,D156B,L459W,W148B,W458W,L91B,U--,U--,U--,U--,U--,U--,2.5,19,20.5,9.75,0,2,1,2545
427,375,ROU,CM,MVM2008,,2565,W401W,W300W,L21B,L149W,L279B,D100B,L392W,U--,U--,U--,U--,2.5,31,34,9.75,0,2,0,2649
428,289,DEU,FM,Kamikazeheinz2,Jo. M.,2374,L232W,L252B,W292W,W307W,D96B,L355B,L406W,U--,U--,U--,U--,2.5,27,29,8.25,0,2,0,2462
429,328,GBR,FM,HackWithBlack,Michael Fernandez,2364,D345W,L88B,L441B,W269W,L99B,W228W,L405B,L147W,U--,U--,U--,2.5,36.5,38.5,11.25,0,2,0,2618
430,371,HRV,CM,Kale36,Ivan Kalajzic,2448,L22W,D493W,L131B,W162W,L392B,W460B,L156W,L208B,U--,U--,U--,2.5,35,35.5,7.25,0,2,1,2518
431,206,IND,FM,Sekar24,Sekk,2533,W252W,L3W,D268B,L270B,W457W,L119B,U--,U--,U--,U--,U--,2.5,26.5,28,7.25,0,2,0,2453
432,234,DEU,FM,ArchibaldCerveza29,Joa Max Bornholdt,2468,W295W,W26B,L4B,U--,U--,U--,U--,U--,U--,U--,U--,2,17,20,11,0,2,1,2818
433,219,USA,NM,IamSchrodingersCat,Paul Richter,2529,W309B,L52W,W219B,L14B,U--,U--,U--,U--,U--,U--,U--,2,20,22,6.5,0,2,2,2619
434,176,POL,FM,tyczka123,tymon czernek,2603,W264W,L6W,W214B,L142W,U--,U--,U--,U--,U--,U--,U--,2,19,22.5,8,0,2,1,2546
435,383,ESP,GM,Maybe00,,2782,W420W,W93W,L351B,L58W,U--,U--,U--,U--,U--,U--,U--,2,19,22,9.5,0,2,0,2750
436,117,SWE,IM,Sokoloco,Yahli Sokolovsky,2706,W198W,W324B,L19W,L172B,U--,U--,U--,U--,U--,U--,U--,2,18,19,6,0,2,1,2623
437,210,IND,FM,MessiKingdom,,2569,W216W,W353W,L371B,L361B,U--,U--,U--,U--,U--,U--,U--,2,15,19.5,10,0,2,0,2811
438,211,ESP,FM,biostatistician,Daniel Taboas Rodriguez,2556,W323B,L371B,W288W,L413B,U--,U--,U--,U--,U--,U--,U--,2,10.5,11.5,4,0,2,1,2616
439,185,USA,NM,KChor05TTV,Kevin Chor,2539,L224B,W518W,W474B,L359B,U--,U--,U--,U--,U--,U--,U--,2,10.5,10.5,1,0,2,1,2522
440,245,USA,FM,Joshukid,Joshua Colas,2592,L19W,W453B,W326B,U--,U--,U--,U--,U--,U--,U--,U--,2,10,11,3,0,2,2,2932
441,19,DEU,GM,frederiksvane,Frederik Svane,2978,D459W,L455B,W429W,D160B,U--,U--,U--,U--,U--,U--,U--,2,9.5,11,6,0,1,0,2530
442,286,ISR,FM,Levanzovsky,Yotam Shohat,2527,W349B,W476B,L38W,L357W,L15B,U--,U--,U--,U--,U--,U--,2,27.5,28.5,7,0,2,2,2795
443,300,ARM,IM,Apocalyps999,Vahe Baghdasaryan,2550,W348B,L33W,W286B,L95B,L133W,U--,U--,U--,U--,U--,U--,2,26,29,9,0,2,2,2698
444,276,GBR,IM,BigAl,Ali Mortazavi,2518,L352B,W290W,W476W,L112B,L123W,U--,U--,U--,U--,U--,U--,2,20.5,21.5,4,0,2,0,2768
445,200,KAZ,FM,Gerodot71,,2600,W527W,L373B,W313W,L372B,L188B,U--,U--,U--,U--,U--,U--,2,16,16,2,0,2,0,2590
446,387,USA,NM,Treasurechess777,Lamel Mc Bryde,2411,W131W,W80W,L360B,L152B,L150W,L419B,U--,U--,U--,U--,U--,2,28.5,31.5,12.5,0,2,0,2650
447,476,USA,NM,Zapateado,,2380,U--,U--,L388W,W275B,W101W,L407B,U--,U--,U--,U--,U--,2,14,17.5,10,0,2,1,2499
448,475,DEU,NM,Road2GM3000,Sean Senft,2305,U--,U--,U--,W310B,W163W,L389B,U--,U--,U--,U--,U--,2,9.5,11.5,7.5,0,2,1,2447
449,394,PRY,WGM,Caisachess,Jennifer Perez Rodriguez,2396,W387B,D399W,L140W,D111B,L181W,L173B,L132W,U--,U--,U--,U--,2,31.5,35,8.75,0,1,1,2607
450,447,ECU,IM,santosalberto1987,,2539,U--,U--,U--,U--,W273W,W240B,L418W,U--,U--,U--,U--,2,7.5,10.5,7.5,0,2,1,2329
451,434,KGZ,WCM,asellesbekova1,Assel Lesbekova,2328,W128B,L8W,L190W,L422B,W187B,L71W,L177B,L201W,U--,U--,U--,2,42,45,11,0,2,2,2519
452,481,BRA,NM,jucAxx,Sediney Mari da Silva junior,2221,U--,U--,W520W,L121W,L316B,W307W,L136B,L219W,U--,U--,U--,2,20.5,20.5,2,0,2,0,2484
453,397,BOL,FM,ferch1ni,Fernando Bolaños Soza,2411,L415W,L440W,L419B,L291W,L276B,W296W,W308W,L283B,L252W,U--,U--,2,24.5,26.5,5,0,2,0,2359
454,442,COL,CM,IngOscarArdila,Oscar Ardila,2351,L256B,L383W,L124W,W525B,W390B,L253W,L229W,L234B,L239B,L259W,U--,2,38.5,38.5,4,0,2,2,2451
455,249,ITA,GM,GM_RobertoMogranzini,Roberto Mogranzini,2557,D61W,W441W,L345B,U--,U--,U--,U--,U--,U--,U--,U--,1.5,13.5,15.5,5.5,0,1,0,2909
456,412,ESP,FM,pirulillo,Antonio Lopez,2343,D465B,L89W,W392B,L98W,U--,U--,U--,U--,U--,U--,U--,1.5,17,18,4.5,0,1,1,2599
457,333,IRL,CM,shanemelaughcm,Shane Melaugh,2313,L365B,W362B,L152W,D102W,L431B,U--,U--,U--,U--,U--,U--,1.5,22,24.5,8.25,0,1,1,2701
458,227,POL,WIM,Savagelittlemole,Anna Kubicka,2519,W304B,L32B,D270W,L426B,L146B,U--,U--,U--,U--,U--,U--,1.5,19,21.5,4.25,0,1,1,2577
459,257,POL,IM,AleksanderHnydiuk,Aleksander Hnydiuk,2503,D441B,W426B,L425W,L47B,L158W,U--,U--,U--,U--,U--,U--,1.5,18,20,3.5,0,1,1,2815
460,452,SRB,CM,HouseOfDurin,,2285,W255B,L385B,D85W,L74B,L62B,L430W,L223B,L251B,U--,U--,U--,1.5,37,39.5,7.25,0,1,1,2528
461,468,USA,NM,Hoshka,,2085,L272B,L209B,L311W,D248W,L137B,W335W,L228B,L216B,U--,U--,U--,1.5,29,29.5,2.5,0,1,0,2383
462,25,USA,GM,VladimirBelous,Vladimir Belous,2847,W306W,L41B,U--,U--,U--,U--,U--,U--,U--,U--,U--,1,7.5,10,2.5,0,1,0,2642
463,221,POL,IM,ViralduS,,2731,W276B,L95W,U--,U--,U--,U--,U--,U--,U--,U--,U--,1,6.5,10,3.5,0,1,1,2788
464,115,UKR,IM,Mischuk_D,Dmitry MIschuk,2803,W481W,L90B,U--,U--,U--,U--,U--,U--,U--,U--,U--,1,6.5,7.5,1,0,1,0,2447
465,172,IND,FM,adapodadei,Naan Dhan,2701,D456W,D418B,U--,U--,U--,U--,U--,U--,U--,U--,U--,1,3,4.5,2.25,0,0,0,2352
466,480,POL,CM,karwowskikacper,Kacper Karwowski,2550,U--,W239B,U--,U--,U--,U--,U--,U--,U--,U--,U--,1,0,4,4,0,1,1,0
467,247,FRA,IM,Macron20hTF1,Lucas DI NICOLANTONIO,2515,L5W,W228B,L359W,U--,U--,U--,U--,U--,U--,U--,U--,1,14,18.5,4.5,0,1,1,2936
468,164,SRB,GM,Budisavljevic,Luka Budisavljevic,2601,W243W,L16W,L116B,U--,U--,U--,U--,U--,U--,U--,U--,1,14,18,4,0,1,0,2705
469,162,ESP,FM,MKlose11,Alberto Martin Fuentes,2661,W218W,L19B,L141B,U--,U--,U--,U--,U--,U--,U--,U--,1,13.5,18,4.5,0,1,0,2699
470,303,AZE,IM,Logman74,,2528,L82W,W276B,L67B,U--,U--,U--,U--,U--,U--,U--,U--,1,13.5,17,3.5,0,1,1,2755
471,133,IND,IM,Sammed_Shete,Sammed Shete,2703,L229W,W338B,L9W,U--,U--,U--,U--,U--,U--,U--,U--,1,13.5,13.5,0,0,1,1,2469
472,427,USA,CM,norwaytoadog,,2369,W315W,L73B,L128B,U--,U--,U--,U--,U--,U--,U--,U--,1,13,15,2,0,1,0,2619
473,222,USA,NM,Agent-JL,Justin Liang,2464,W303W,L82B,L220W,U--,U--,U--,U--,U--,U--,U--,U--,1,11,13.5,2.5,0,1,0,2511
474,410,DEU,FM,Willi_Skibbe,Willi Skibbe,2341,W493B,L69W,L439W,U--,U--,U--,U--,U--,U--,U--,U--,1,9,9.5,0.5,0,1,1,2633
475,220,CZE,FM,TheRigos,,2532,W275W,L317B,L297W,U--,U--,U--,U--,U--,U--,U--,U--,1,6.5,8.5,3.5,0,1,0,2632
476,86,RUS,FM,GoltsevDmitry2000,Goltsev Dmitry,2737,W521B,L442W,L444B,U--,U--,U--,U--,U--,U--,U--,U--,1,4,4,0,0,1,1,2493
477,422,IND,FM,Rosh1610,Rosh Jain,2421,L94B,L478B,L125W,W201B,U--,U--,U--,U--,U--,U--,U--,1,17.5,18.5,5,0,1,1,2524
478,267,ARG,FM,TokChess,Ariel Nicolas Tokman,2504,L50B,W477W,L348B,L314B,U--,U--,U--,U--,U--,U--,U--,1,15,16,1,0,1,0,2652
479,43,IND,GM,Sethu0025,Sethuraman S.P,2800,W154W,L256B,L226W,L225B,U--,U--,U--,U--,U--,U--,U--,1,14.5,18.5,5.5,0,1,0,2530
480,96,PER,FM,Diego_FloresQ,Diego Flores Quillas,2594,U--,W514B,L119B,L188W,U--,U--,U--,U--,U--,U--,U--,1,11,11,0,0,1,1,2429
481,356,USA,IM,GMJustin,Justin Sarkar,2234,L464B,L381B,W528W,L122W,U--,U--,U--,U--,U--,U--,U--,1,11,11,0,0,1,0,2647
482,481,ARM,CM,Tyoma88888,Artyom Manukyan,2570,U--,U--,W254B,L204W,U--,U--,U--,U--,U--,U--,U--,1,4.5,8.5,4,0,1,1,2342
483,459,BGR,GM,GrigorGrigorov,Grigor Grigorov,2784,U--,U--,U--,W304B,U--,U--,U--,U--,U--,U--,U--,1,0,2.5,2.5,0,1,1,0
484,413,NLD,FM,Erik1971,Erik van den Dikkenberg,2305,L97W,L169B,L65W,W257B,L408B,U--,U--,U--,U--,U--,U--,1,22.5,26,4,0,1,1,2532
485,385,COL,FM,tolimachess,Gustavo N&uacute;&ntilde;ez,2424,L398W,L190B,W522W,L178W,L301B,U--,U--,U--,U--,U--,U--,1,16.5,16.5,0,0,1,0,2576
486,407,UKR,WIM,Tramontanaaa,,2350,L78W,W384W,L115B,L175W,L382B,L257B,U--,U--,U--,U--,U--,1,26,30,4,0,1,0,2546
487,471,ISL,CM,KnightmareJoker,,2197,L160W,L187B,W249B,L200W,L203B,L250B,U--,U--,U--,U--,U--,1,24,28,4,0,1,1,2429
488,454,USA,NM,MYMChessAcademy,Rey Jomar Magallanes,2256,L260B,W200B,L151W,L366B,L229B,L285W,U--,U--,U--,U--,U--,1,23.5,26.5,5,0,1,1,2483
489,478,MEX,CM,alfiefischer77,Alfonso Lopez,2182,U--,U--,L261B,W251W,L177W,L194B,U--,U--,U--,U--,U--,1,14,17.5,4,0,1,0,2406
490,409,HUN,FM,spotbet,Vilmos Balint,2312,L54W,L370B,L183B,W295W,L386W,L101B,L307W,U--,U--,U--,U--,1,30.5,32.5,3,0,1,0,2459
491,148,SRB,IM,ZivkovicN,Nemanja Zivkovic,2617,D223B,L236W,U--,U--,U--,U--,U--,U--,U--,U--,U--,0.5,4.5,8.5,2.25,0,0,0,2387
492,252,NOR,CM,larsmandreassen,Lars Andreassen,2292,U--,D315B,U--,U--,U--,U--,U--,U--,U--,U--,U--,0.5,0,2,1,0,0,0,0
493,170,CHL,FM,doons21,Robert Díaz Villagrán,2703,L474W,D430B,L223W,U--,U--,U--,U--,U--,U--,U--,U--,0.5,7,8,1.25,0,0,0,2359
494,457,GEO,WFM,AnaKuchava,Ana Kuchava,2219,L368W,L402W,L186B,L250B,D280W,L251W,L273B,U--,U--,U--,U--,0.5,25,28.5,1.75,0,0,0,2429
495,28,IRN,IM,MetiForce,,2888,L44B,U--,U--,U--,U--,U--,U--,U--,U--,U--,U--,0,0,7.5,0,0,0,0,0
496,310,DEU,FM,ineverlikedyou,,2531,L38B,U--,U--,U--,U--,U--,U--,U--,U--,U--,U--,0,0,7.5,0,0,0,0,0
497,81,ISR,IM,Orange_Ghost,Yoav Milikow,2754,L71W,U--,U--,U--,U--,U--,U--,U--,U--,U--,U--,0,0,7,0,0,0,0,0
498,271,PER,FM,GP9isback23,Gerson Príncipe,2602,L53B,U--,U--,U--,U--,U--,U--,U--,U--,U--,U--,0,0,7,0,0,0,0,0
499,100,CAN,GM,attack2mateU,Razvan Preotu,2728,L129B,U--,U--,U--,U--,U--,U--,U--,U--,U--,U--,0,0,6,0,0,0,0,0
500,330,GBR,FM,Vasily85,- -,2429,L104W,U--,U--,U--,U--,U--,U--,U--,U--,U--,U--,0,0,6,0,0,0,0,0
501,290,GBR,CM,Gameking51,,2502,L353B,U--,U--,U--,U--,U--,U--,U--,U--,U--,U--,0,0,5.5,0,0,0,0,0
502,361,VEN,CM,LornerAcosta,Lorner Acosta,2372,L356W,U--,U--,U--,U--,U--,U--,U--,U--,U--,U--,0,0,5.5,0,0,0,0,0
503,205,COL,FM,SONOFHOLYGOD,Gustavo Cadena Watch me on twitch fmgustavocadena,2622,L220B,U--,U--,U--,U--,U--,U--,U--,U--,U--,U--,0,0,4.5,0,0,0,0,0
504,83,MAR,IM,chegueps,Ilyass Msellek,2611,L237W,U--,U--,U--,U--,U--,U--,U--,U--,U--,U--,0,0,4,0,0,0,0,0
505,207,GRC,FM,TERMINATOR_PC,,2457,L406B,U--,U--,U--,U--,U--,U--,U--,U--,U--,U--,0,0,3.5,0,0,0,0,0
506,237,BRA,FM,GiorgianBarbosa,Daniel Rangel,2516,L297B,U--,U--,U--,U--,U--,U--,U--,U--,U--,U--,0,0,3,0,0,0,0,0
507,3,CAN,IM,c63_amg,people know me,2854,U--,U--,U--,U--,U--,U--,U--,U--,U--,U--,U--,0,0,0,0,0,0,0,0
508,149,KGZ,WFM,AlexandraSamaganova,Alexandra Samaganova,2281,U--,U--,U--,U--,U--,U--,U--,U--,U--,U--,U--,0,0,0,0,0,0,0,0
509,367,UKR,NM,semchik73,Dmitry Semenenko,2491,L46W,L387W,U--,U--,U--,U--,U--,U--,U--,U--,U--,0,7.5,11.5,0,0,0,0,2690
510,426,USA,NM,KIEV-1,Ivan,2225,L77B,L170B,U--,U--,U--,U--,U--,U--,U--,U--,U--,0,7,12,0,0,0,0,2579
511,72,UZB,FM,Akewjon,,2701,L386B,L66W,U--,U--,U--,U--,U--,U--,U--,U--,U--,0,7,11,0,0,0,0,2461
512,124,IRN,IM,AradNazari,Arad Nazari,2754,L265B,L188W,U--,U--,U--,U--,U--,U--,U--,U--,U--,0,5,8.5,0,0,0,0,2419
513,254,INT,IM,Maksimus1998,Максим Щекачихин,2536,L395W,L267B,U--,U--,U--,U--,U--,U--,U--,U--,U--,0,3.5,7,0,0,0,0,2910
514,370,BGD,FM,ExtremeLearner,Tahsin Tajwar Zia,2390,L399B,L480W,U--,U--,U--,U--,U--,U--,U--,U--,U--,0,3.5,4.5,0,0,0,0,2681
515,376,MOZ,FM,MateusViageiro,Mateus Viageiro,2200,L403B,L331W,U--,U--,U--,U--,U--,U--,U--,U--,U--,0,3.5,4.5,0,0,0,0,2646
516,293,ESP,FM,jup1978,,2434,L298W,L323B,U--,U--,U--,U--,U--,U--,U--,U--,U--,0,3,4,0,0,0,0,2807
517,112,UKR,NM,Leonid_Starozhilov,Leonid Starozhilov,2746,L90B,U--,U--,U--,U--,U--,U--,U--,U--,U--,U--,0,0,6.5,0,0,0,0,0
518,381,USA,CM,BJthechessgod,B X,2404,L73W,L439B,L48W,U--,U--,U--,U--,U--,U--,U--,U--,0,14.5,16.5,0,0,0,0,2697
519,261,ITA,FM,betta2004,,2435,L20B,L147W,L238B,U--,U--,U--,U--,U--,U--,U--,U--,0,13.5,17.5,0,0,0,0,2640
520,209,AND,CM,Bastiandash,,2471,L358B,L221W,L452B,U--,U--,U--,U--,U--,U--,U--,U--,0,9.5,11.5,0,0,0,0,2377
521,326,ZWE,FM,Aisen1011,,2411,L476W,L349W,L277B,U--,U--,U--,U--,U--,U--,U--,U--,0,9.5,10.5,0,0,0,0,2778
522,181,RUS,IM,Vesper2018,Anastasia Bodnaruk,2580,L313B,L126W,L485B,U--,U--,U--,U--,U--,U--,U--,U--,0,8,9,0,0,0,0,2379
523,334,HUN,IM,krstulov_alex,Alex Krstulovic,2602,U--,U--,U--,U--,U--,U--,U--,U--,U--,U--,U--,0,0,0,0,0,0,0,0
524,472,CAN,NM,Sneakiest_Of_Snakes,Sean Lei,2191,U--,U--,U--,U--,U--,U--,U--,U--,U--,U--,U--,0,0,0,0,0,0,0,0
525,379,RUS,FM,Fandorin779,,2483,L136W,L120W,L362B,L454W,U--,U--,U--,U--,U--,U--,U--,0,17,19,0,0,0,0,2650
526,443,USA,NM,Ready4abattle,,2246,L305W,L139B,L367W,L203W,U--,U--,U--,U--,U--,U--,U--,0,15,17.5,0,0,0,0,2508
527,440,HKG,CM,Niilo1,,2268,L445B,L154B,L155W,L249W,U--,U--,U--,U--,U--,U--,U--,0,15,17,0,0,0,0,2494
528,466,FRA,FM,albano87,Alban alban1987@hotmail.com,2110,L85B,L144W,L481B,U--,U--,U--,U--,U--,U--,U--,U--,0,12,13,0,0,0,0,2542
529,476,IND,NM,CrazyMartian,Sahil Tickoo,2348,U--,U--,U--,L233B,U--,U--,U--,U--,U--,U--,U--,0,0,4.5,0,0,0,0,0
530,444,KGZ,IM,Semetey,Semetey Tologontegin,2586,U--,U--,U--,U--,U--,U--,U--,U--,U--,U--,U--,0,0,0,0,0,0,0,0
531,446,VNM,IM,Fh2411,Le Thao Nguyen Pham,2568,U--,U--,U--,U--,U--,U--,U--,U--,U--,U--,U--,0,0,0,0,0,0,0,0
532,465,NPL,CM,Trickster_fam,,1806,U--,U--,U--,U--,U--,U--,U--,U--,U--,U--,U--,0,0,0,0,0,0,0,0
533,431,USA,NM,LeonardoL2005,Leonardo Liu,2216,U--,U--,U--,U--,U--,U--,U--,U--,U--,U--,U--,0,0,0,0,0,0,0,0
534,228,AZE,IM,themind1hunter,Gunay Mammadzada,2485,U--,U--,U--,U--,U--,L271W,U--,U--,U--,U--,U--,0,0,3.5,0,0,0,0,0
535,412,USA,NM,gympod,Bradley Sawyer,2322,U--,U--,U--,U--,U--,U--,U--,U--,U--,U--,U--,0,0,0,0,0,0,0,0
536,401,IND,GM,abhijeetgupta,Abhijeet Gupta,2981,U--,U--,U--,U--,U--,U--,U--,U--,U--,U--,U--,0,0,0,0,0,0,0,0
537,349,USA,NM,ChessAdvanceUSA,,2507,U--,U--,U--,U--,U--,U--,U--,U--,U--,U--,U--,0,0,0,0,0,0,0,0
538,352,GBR,FM,Battlecruiser_Operational,,2266,U--,U--,U--,U--,U--,U--,U--,U--,U--,U--,U--,0,0,0,0,0,0,0,0


